pop,pop.1,pop.2,pop.3,pop.4,pop.5,pop.6,pop.7,pop.8,pop.9,pop.10,pop.11,pop.12,pop.13,pop.14,pop.15,pop.16,pop
"{Commuter(unique_id=176419723278196551475807007207830673340, geometry=POINT (13460195.571450489 3638422.0541445594), status=home, }",27.0,23.0,14.0,23.0,12.0,12.0,36.0,22.0,28.0,32.0,31.0,36.0,2,6,17,3,9
set(),14.0,13.0,18.0,18.0,4.0,19.0,12.0,21.0,7.0,11.0,11.0,7.0,30,32,37,8,6
"{Commuter(unique_id=69875298747382016740382888212945811512, geometry=POINT (13460976.249127787 3638260.712350638), status=home, , Commuter(unique_id=9532419755031225111192887010687111820, geometry=POINT (13460976.249127787 3638260.712350638), status=home, , Commuter(unique_id=253080510201562566900675391825029384262, geometry=POINT (13460976.249127787 3638260.712350638), status=home, , Commuter(unique_id=181839023257102479190317296863243632299, geometry=POINT (13460976.249127787 3638260.712350638), status=home, , Commuter(unique_id=179816883359376398750728769170734890442, geometry=POINT (13460976.249127787 3638260.712350638), status=home, , Commuter(unique_id=211120799605172161149949531933043248580, geometry=POINT (13460976.249127787 3638260.712350638), status=home, , Commuter(unique_id=188369855428111225763905476633365663888, geometry=POINT (13460976.249127787 3638260.712350638), status=home, , Commuter(unique_id=334470629893243670841859583588799597640, geometry=POINT (13460976.249127787 3638260.712350638), status=home, , Commuter(unique_id=196720884259117787603566585883043768113, geometry=POINT (13460976.249127787 3638260.712350638), status=home, , Commuter(unique_id=7711524047989414811985218229472550317, geometry=POINT (13460976.249127787 3638260.712350638), status=home, , Commuter(unique_id=306434399629473651507875173947442850419, geometry=POINT (13460976.249127787 3638260.712350638), status=home, , Commuter(unique_id=296862818288053545960829525181183703332, geometry=POINT (13460976.249127787 3638260.712350638), status=home, , Commuter(unique_id=265585891233125172719381262513307055511, geometry=POINT (13460976.249127787 3638260.712350638), status=home, , Commuter(unique_id=127932431176919456311302786130646328984, geometry=POINT (13460976.249127787 3638260.712350638), status=home, }",159.0,169.0,167.0,154.0,152.0,164.0,83.0,95.0,85.0,85.0,83.0,91.0,49,46,49,22,17
set(),18.0,8.0,4.0,1.0,18.0,15.0,18.0,18.0,18.0,14.0,11.0,7.0,10,0,1,21,14
set(),18.0,18.0,13.0,7.0,13.0,18.0,18.0,16.0,17.0,0.0,6.0,6.0,5,6,9,17,4
set(),9.0,17.0,0.0,3.0,0.0,11.0,18.0,5.0,14.0,8.0,7.0,3.0,19,17,4,3,9
"{Commuter(unique_id=53283720920175450199676392124391600275, geometry=POINT (13460161.575920485 3638397.7376659494), status=home, , Commuter(unique_id=18040670438941908689848385658651038334, geometry=POINT (13460161.575920485 3638397.7376659494), status=home, }",35.0,39.0,27.0,37.0,30.0,27.0,36.0,24.0,32.0,37.0,20.0,38.0,5,8,17,9,8
set(),15.0,3.0,11.0,12.0,13.0,16.0,2.0,9.0,16.0,5.0,1.0,7.0,5,5,13,26,11
set(),7.0,3.0,13.0,7.0,4.0,12.0,29.0,28.0,38.0,38.0,26.0,30.0,14,6,13,15,9
"{Commuter(unique_id=262022813047797104824441807680868066221, geometry=POINT (13460173.229630742 3638324.7756836032), status=home, , Commuter(unique_id=215573965680970179812642691914053521250, geometry=POINT (13460173.229630742 3638324.7756836032), status=home, , Commuter(unique_id=333301134080014614393896039996340559458, geometry=POINT (13460173.229630742 3638324.7756836032), status=home, }",43.0,51.0,54.0,66.0,48.0,37.0,40.0,30.0,30.0,45.0,38.0,42.0,19,0,4,21,29
set(),9.0,10.0,7.0,5.0,15.0,17.0,17.0,12.0,12.0,18.0,13.0,2.0,3,15,3,17,16
set(),1.0,16.0,18.0,1.0,12.0,19.0,4.0,17.0,7.0,19.0,14.0,16.0,17,5,8,15,17
set(),13.0,4.0,0.0,7.0,9.0,10.0,17.0,11.0,13.0,6.0,3.0,1.0,18,0,7,15,10
set(),6.0,12.0,1.0,4.0,16.0,10.0,12.0,1.0,8.0,15.0,11.0,2.0,6,13,4,10,5
"{Commuter(unique_id=102390721538980400477157839478366630402, geometry=POINT (13460133.135546751 3638332.4244629988), status=home, }",32.0,23.0,24.0,24.0,34.0,36.0,75.0,66.0,65.0,61.0,76.0,68.0,8,0,16,6,8
set(),8.0,5.0,4.0,10.0,12.0,8.0,12.0,18.0,10.0,1.0,19.0,8.0,35,36,38,49,56
set(),15.0,9.0,12.0,14.0,7.0,0.0,9.0,18.0,19.0,18.0,14.0,1.0,13,1,5,6,11
set(),9.0,7.0,5.0,11.0,19.0,0.0,10.0,4.0,19.0,6.0,16.0,10.0,14,7,5,6,4
set(),3.0,7.0,2.0,3.0,0.0,9.0,16.0,4.0,14.0,0.0,16.0,5.0,1,13,6,10,12
set(),3.0,10.0,17.0,12.0,14.0,2.0,11.0,4.0,8.0,14.0,18.0,0.0,6,1,15,11,17
set(),10.0,15.0,18.0,3.0,19.0,19.0,18.0,5.0,18.0,11.0,19.0,5.0,13,10,8,4,11
set(),5.0,10.0,10.0,13.0,18.0,10.0,16.0,13.0,8.0,14.0,9.0,11.0,9,3,0,8,7
set(),2.0,9.0,15.0,4.0,17.0,17.0,3.0,18.0,0.0,18.0,12.0,7.0,15,17,10,17,11
set(),18.0,13.0,18.0,18.0,2.0,7.0,0.0,2.0,5.0,19.0,2.0,12.0,10,10,11,14,11
set(),19.0,15.0,16.0,19.0,14.0,10.0,15.0,11.0,19.0,12.0,16.0,4.0,18,3,11,17,1
set(),11.0,15.0,14.0,2.0,2.0,8.0,49.0,46.0,59.0,48.0,45.0,44.0,5,0,9,11,13
set(),3.0,12.0,1.0,7.0,16.0,8.0,8.0,12.0,7.0,7.0,6.0,16.0,19,23,21,19,25
set(),5.0,1.0,19.0,11.0,1.0,8.0,13.0,7.0,9.0,15.0,12.0,6.0,0,14,7,3,3
"{Commuter(unique_id=207311469758754785709399114348883995226, geometry=POINT (13460207.809061423 3638239.4441638906), status=home, , Commuter(unique_id=296937113731958258165498915227573686676, geometry=POINT (13460207.809061423 3638239.4441638906), status=home, , Commuter(unique_id=98034174429038340093492449756323119026, geometry=POINT (13460207.809061423 3638239.4441638906), status=home, }",35.0,37.0,24.0,18.0,19.0,9.0,42.0,49.0,32.0,32.0,49.0,35.0,3,4,19,8,7
set(),5.0,13.0,12.0,18.0,1.0,8.0,6.0,6.0,3.0,14.0,17.0,8.0,25,10,17,9,19
"{Commuter(unique_id=281592018251419185672269107143869402606, geometry=POINT (13460148.971871916 3638215.2486794875), status=home, }",36.0,35.0,31.0,32.0,36.0,29.0,22.0,14.0,13.0,28.0,24.0,14.0,17,13,8,2,8
set(),5.0,5.0,19.0,9.0,14.0,16.0,17.0,16.0,18.0,1.0,5.0,12.0,25,28,29,28,21
set(),17.0,12.0,4.0,15.0,0.0,12.0,26.0,20.0,29.0,13.0,22.0,24.0,12,14,29,58,66
"{Commuter(unique_id=189696423117601894558840597994082349567, geometry=POINT (13460163.464889046 3638184.673142933), status=home, , Commuter(unique_id=337702710192645747969955175986768266778, geometry=POINT (13460163.464889046 3638184.673142933), status=home, }",35.0,36.0,27.0,27.0,29.0,49.0,53.0,59.0,51.0,63.0,57.0,51.0,36,31,27,15,17
set(),5.0,11.0,14.0,4.0,2.0,19.0,10.0,21.0,10.0,12.0,27.0,15.0,24,14,14,27,22
set(),13.0,9.0,4.0,18.0,16.0,7.0,14.0,15.0,11.0,16.0,1.0,14.0,21,23,28,29,20
set(),1.0,8.0,10.0,9.0,0.0,1.0,16.0,15.0,0.0,12.0,0.0,19.0,17,16,19,17,16
"{Commuter(unique_id=317387157422311985320272361808928120155, geometry=POINT (13460221.079716897 3638097.218950255), status=home, }",13.0,26.0,17.0,15.0,22.0,23.0,40.0,54.0,51.0,44.0,50.0,47.0,28,22,23,26,15
"{Commuter(unique_id=98118322752003937489144118360133374805, geometry=POINT (13460162.248341678 3638126.2960870843), status=home, , Commuter(unique_id=205876704650440650977974777479351887257, geometry=POINT (13460162.248341678 3638126.2960870843), status=home, , Commuter(unique_id=63085013975548186163052878064900688954, geometry=POINT (13460162.248341678 3638126.2960870843), status=home, , Commuter(unique_id=106589770127519856561873937125076054381, geometry=POINT (13460162.248341678 3638126.2960870843), status=home, , Commuter(unique_id=107641027111853777107552751932141959500, geometry=POINT (13460162.248341678 3638126.2960870843), status=home, }",51.0,59.0,61.0,78.0,61.0,68.0,34.0,51.0,41.0,48.0,57.0,51.0,38,38,22,13,30
"{Commuter(unique_id=150806596446716608884777052483818018986, geometry=POINT (13460184.640980009 3638056.7197476686), status=home, , Commuter(unique_id=93397992705452359105055887205879955673, geometry=POINT (13460184.640980009 3638056.7197476686), status=home, , Commuter(unique_id=83908425234541905389757169897770930265, geometry=POINT (13460184.640980009 3638056.7197476686), status=home, , Commuter(unique_id=155937406071526210333967350376560364009, geometry=POINT (13460184.640980009 3638056.7197476686), status=home, , Commuter(unique_id=227929647290115507008276087173112885369, geometry=POINT (13460184.640980009 3638056.7197476686), status=home, , Commuter(unique_id=150769576701069383572105056781672529705, geometry=POINT (13460184.640980009 3638056.7197476686), status=home, }",67.0,83.0,71.0,71.0,75.0,87.0,130.0,129.0,122.0,139.0,137.0,137.0,28,39,38,24,23
set(),8.0,9.0,3.0,18.0,1.0,17.0,19.0,7.0,18.0,9.0,15.0,4.0,35,27,39,31,20
"{Commuter(unique_id=74932753965460903201087079021493119582, geometry=POINT (13460160.345557848 3638006.844850598), status=home, , Commuter(unique_id=305023421040101562995337414933045879508, geometry=POINT (13460160.345557848 3638006.844850598), status=home, , Commuter(unique_id=291135751318553822514511039468829422808, geometry=POINT (13460160.345557848 3638006.844850598), status=home, , Commuter(unique_id=130778773257172314633272894570145448315, geometry=POINT (13460160.345557848 3638006.844850598), status=home, , Commuter(unique_id=29264981706113673320265901988942172555, geometry=POINT (13460160.345557848 3638006.844850598), status=home, }",70.0,69.0,68.0,72.0,73.0,74.0,103.0,97.0,91.0,90.0,75.0,50.0,16,18,2,8,1
set(),8.0,10.0,4.0,0.0,6.0,15.0,6.0,17.0,5.0,19.0,16.0,10.0,17,27,21,1,21
"{Commuter(unique_id=129871451697311719648580429029945550128, geometry=POINT (13460087.128641475 3638015.722422741), status=home, , Commuter(unique_id=184436019840949853224297785826668680045, geometry=POINT (13460087.128641475 3638015.722422741), status=home, }",34.0,32.0,37.0,24.0,28.0,33.0,36.0,26.0,26.0,29.0,29.0,37.0,12,12,3,1,10
set(),9.0,0.0,5.0,6.0,3.0,2.0,7.0,0.0,11.0,14.0,6.0,11.0,16,13,17,20,17
set(),12.0,1.0,19.0,4.0,10.0,13.0,14.0,1.0,12.0,8.0,15.0,6.0,13,5,17,1,18
set(),2.0,0.0,7.0,18.0,6.0,12.0,3.0,18.0,0.0,10.0,4.0,13.0,7,18,18,0,7
"{Commuter(unique_id=10007970232301090693297569929558557087, geometry=POINT (13460214.457578175 3638381.7398408623), status=home, , Commuter(unique_id=336893626463076209533201508036903077011, geometry=POINT (13460214.457578175 3638381.7398408623), status=home, }",20.0,37.0,23.0,39.0,28.0,38.0,14.0,13.0,7.0,5.0,17.0,16.0,4,7,2,3,5
set(),18.0,17.0,3.0,9.0,7.0,11.0,15.0,13.0,4.0,7.0,7.0,15.0,1,7,1,9,13
set(),4.0,4.0,8.0,7.0,0.0,13.0,7.0,0.0,7.0,16.0,12.0,17.0,13,17,10,11,7
"{Commuter(unique_id=128605483822205326241517641490571985678, geometry=POINT (13460937.312296135 3637975.0666859155), status=home, , Commuter(unique_id=92693103239227588531749051189636062114, geometry=POINT (13460937.312296135 3637975.0666859155), status=home, }",31.0,34.0,18.0,11.0,7.0,12.0,16.0,1.0,3.0,4.0,5.0,2.0,4,7,12,1,19
"{Commuter(unique_id=263766905353659204310026355695649917894, geometry=POINT (13460907.653223097 3637914.2403233135), status=home, }",16.0,19.0,27.0,20.0,21.0,11.0,84.0,70.0,86.0,97.0,82.0,90.0,18,7,9,13,2
set(),1.0,9.0,17.0,14.0,1.0,11.0,15.0,12.0,1.0,3.0,18.0,19.0,0,9,6,18,15
set(),15.0,16.0,0.0,2.0,18.0,12.0,13.0,9.0,9.0,16.0,13.0,4.0,22,31,28,27,20
set(),16.0,16.0,4.0,2.0,9.0,19.0,24.0,21.0,23.0,30.0,29.0,24.0,22,25,25,12,16
"{Commuter(unique_id=226483425661755834632593927890224022563, geometry=POINT (13460603.088966671 3638036.2713141995), status=home, }",21.0,28.0,11.0,26.0,28.0,13.0,0.0,18.0,11.0,19.0,20.0,9.0,15,10,3,26,12
"{Commuter(unique_id=186509685162127903096389423979013873525, geometry=POINT (13460782.530811153 3637991.2342416653), status=home, , Commuter(unique_id=86255511772763329964372724618874004347, geometry=POINT (13460782.530811153 3637991.2342416653), status=home, , Commuter(unique_id=207394818273522573324380309174681011558, geometry=POINT (13460782.530811153 3637991.2342416653), status=home, , Commuter(unique_id=333962033798046778966594514686705006822, geometry=POINT (13460782.530811153 3637991.2342416653), status=home, , Commuter(unique_id=302097987802422896115555263790801334100, geometry=POINT (13460782.530811153 3637991.2342416653), status=home, , Commuter(unique_id=168055927392665613052059427464208680081, geometry=POINT (13460782.530811153 3637991.2342416653), status=home, , Commuter(unique_id=269956716458588546658178443879979386520, geometry=POINT (13460782.530811153 3637991.2342416653), status=home, }",82.0,87.0,87.0,81.0,76.0,71.0,36.0,26.0,20.0,25.0,31.0,43.0,21,26,32,21,14
"{Commuter(unique_id=101882335075536725510129089126853732829, geometry=POINT (13460827.143003648 3637953.73175993), status=home, , Commuter(unique_id=322598066267655260459441876867864815750, geometry=POINT (13460827.143003648 3637953.73175993), status=home, , Commuter(unique_id=120378411826398919715404693700257186027, geometry=POINT (13460827.143003648 3637953.73175993), status=home, }",36.0,33.0,44.0,35.0,34.0,48.0,31.0,46.0,35.0,38.0,40.0,47.0,28,32,36,19,24
"{Commuter(unique_id=56478313803394890945733698358170124938, geometry=POINT (13460719.188157825 3637967.51168749), status=home, , Commuter(unique_id=244217389025887008148300769164359266815, geometry=POINT (13460719.188157825 3637967.51168749), status=home, , Commuter(unique_id=148546699879585448797881481193046863058, geometry=POINT (13460719.188157825 3637967.51168749), status=home, }",46.0,41.0,51.0,56.0,58.0,52.0,22.0,35.0,26.0,21.0,28.0,33.0,27,40,33,28,12
"{Commuter(unique_id=248802246656365975469380051997101906302, geometry=POINT (13460608.029794458 3638001.1545143714), status=home, , Commuter(unique_id=111822397786661860354809173888958530717, geometry=POINT (13460608.029794458 3638001.1545143714), status=home, , Commuter(unique_id=169991720657552298325304015227571353978, geometry=POINT (13460608.029794458 3638001.1545143714), status=home, , Commuter(unique_id=334684729298285759368356492295773600928, geometry=POINT (13460608.029794458 3638001.1545143714), status=home, }",19.0,8.0,0.0,15.0,6.0,7.0,32.0,41.0,55.0,40.0,45.0,50.0,15,15,10,27,21
"{Commuter(unique_id=180482446922449735942622201936720206910, geometry=POINT (13460584.141509403 3637974.5582940653), status=home, , Commuter(unique_id=9778545378805967743202487275099401319, geometry=POINT (13460584.141509403 3637974.5582940653), status=home, , Commuter(unique_id=47796936457205405220263826409243178700, geometry=POINT (13460584.141509403 3637974.5582940653), status=home, }",59.0,58.0,47.0,43.0,49.0,54.0,42.0,49.0,18.0,19.0,5.0,16.0,12,10,9,39,43
"{Commuter(unique_id=34104627888608519896988947301204669701, geometry=POINT (13460621.41367319 3637975.8003964815), status=home, , Commuter(unique_id=50071109952262224720224107848706252803, geometry=POINT (13460621.41367319 3637975.8003964815), status=home, }",20.0,27.0,37.0,34.0,20.0,27.0,18.0,14.0,6.0,19.0,3.0,8.0,18,13,15,18,6
set(),8.0,17.0,9.0,11.0,7.0,11.0,3.0,1.0,15.0,7.0,0.0,17.0,27,23,32,26,24
set(),19.0,5.0,4.0,2.0,3.0,0.0,15.0,1.0,11.0,11.0,11.0,12.0,38,26,23,25,21
set(),16.0,4.0,9.0,19.0,13.0,13.0,7.0,15.0,18.0,6.0,1.0,13.0,43,46,45,23,23
"{Commuter(unique_id=229563873880819489980696241829478996342, geometry=POINT (13460658.605256619 3637971.3628355977), status=home, , Commuter(unique_id=144418767780291888973482919341357813059, geometry=POINT (13460658.605256619 3637971.3628355977), status=home, }",28.0,2.0,8.0,11.0,4.0,17.0,36.0,58.0,53.0,55.0,57.0,59.0,22,27,25,24,27
set(),3.0,13.0,3.0,9.0,10.0,1.0,6.0,15.0,16.0,9.0,5.0,4.0,7,7,2,0,15
"{Commuter(unique_id=337931565866021267048148793713310680222, geometry=POINT (13460642.29727151 3637964.5647761533), status=home, }",18.0,17.0,25.0,28.0,19.0,18.0,25.0,12.0,21.0,24.0,29.0,12.0,16,6,11,7,4
set(),15.0,17.0,11.0,7.0,14.0,13.0,13.0,14.0,6.0,7.0,2.0,15.0,17,10,2,19,7
set(),16.0,11.0,6.0,6.0,19.0,8.0,8.0,8.0,14.0,15.0,13.0,7.0,19,16,15,19,11
set(),17.0,1.0,6.0,6.0,19.0,14.0,18.0,13.0,10.0,14.0,12.0,4.0,8,11,2,11,1
set(),15.0,6.0,4.0,0.0,17.0,1.0,2.0,3.0,12.0,14.0,11.0,19.0,17,16,7,8,9
set(),16.0,2.0,13.0,16.0,11.0,17.0,15.0,2.0,18.0,7.0,7.0,17.0,6,11,8,17,15
"{Commuter(unique_id=106923496945889009050967432571830250049, geometry=POINT (13460376.807574498 3637995.876347775), status=home, }",11.0,17.0,11.0,27.0,16.0,20.0,35.0,47.0,34.0,30.0,37.0,30.0,24,22,26,20,34
set(),9.0,3.0,9.0,10.0,2.0,1.0,9.0,13.0,4.0,8.0,0.0,7.0,46,38,38,38,38
set(),6.0,14.0,4.0,13.0,16.0,5.0,11.0,12.0,11.0,14.0,18.0,17.0,21,13,19,15,12
"{Commuter(unique_id=29729928041523995677027886181113641304, geometry=POINT (13460288.467937712 3638140.245600896), status=home, , Commuter(unique_id=148548123692943957148872819548786532944, geometry=POINT (13460288.467937712 3638140.245600896), status=home, , Commuter(unique_id=158967708169361389280357763848931425076, geometry=POINT (13460288.467937712 3638140.245600896), status=home, , Commuter(unique_id=227513091066012833339195975642210933127, geometry=POINT (13460288.467937712 3638140.245600896), status=home, , Commuter(unique_id=336906466618179978045973745121183969331, geometry=POINT (13460288.467937712 3638140.245600896), status=home, , Commuter(unique_id=191940559802362523823629476628879218697, geometry=POINT (13460288.467937712 3638140.245600896), status=home, , Commuter(unique_id=51157805404835312907550485768390381980, geometry=POINT (13460288.467937712 3638140.245600896), status=home, , Commuter(unique_id=74188503108873654277551117605693863132, geometry=POINT (13460288.467937712 3638140.245600896), status=home, , Commuter(unique_id=113959864034183032537556965273464388531, geometry=POINT (13460288.467937712 3638140.245600896), status=home, , Commuter(unique_id=331576008571613617647925783765847349685, geometry=POINT (13460288.467937712 3638140.245600896), status=home, }",115.0,119.0,104.0,101.0,113.0,105.0,160.0,179.0,167.0,175.0,160.0,170.0,11,15,11,9,9
set(),3.0,1.0,0.0,1.0,18.0,0.0,17.0,14.0,26.0,27.0,11.0,19.0,5,14,1,14,0
"{Commuter(unique_id=24270692093030957996291824594369705432, geometry=POINT (13460270.740781289 3638063.673344879), status=home, , Commuter(unique_id=179338412278026418381268721780451114214, geometry=POINT (13460270.740781289 3638063.673344879), status=home, }",20.0,25.0,22.0,38.0,22.0,35.0,12.0,1.0,16.0,18.0,11.0,8.0,7,2,11,7,13
"{Commuter(unique_id=178537873427640109399111892747225830220, geometry=POINT (13460297.125211194 3638058.2451421693), status=home, }",22.0,10.0,29.0,28.0,12.0,21.0,6.0,11.0,18.0,13.0,16.0,10.0,19,0,9,5,3
set(),1.0,16.0,12.0,12.0,17.0,1.0,12.0,6.0,8.0,5.0,9.0,2.0,16,8,1,16,5
"{Commuter(unique_id=263028460705462324429205272541746194819, geometry=POINT (13460298.048183221 3638007.9656000347), status=home, , Commuter(unique_id=289898986885522100654567043680646275948, geometry=POINT (13460298.048183221 3638007.9656000347), status=home, , Commuter(unique_id=60617234460674562147779003629398036469, geometry=POINT (13460298.048183221 3638007.9656000347), status=home, , Commuter(unique_id=214485856796625014053560430692047341703, geometry=POINT (13460298.048183221 3638007.9656000347), status=home, , Commuter(unique_id=304230854781820282346998519657953881275, geometry=POINT (13460298.048183221 3638007.9656000347), status=home, , Commuter(unique_id=236987567802100026635557451370090749505, geometry=POINT (13460298.048183221 3638007.9656000347), status=home, , Commuter(unique_id=206683285810722897572842779265082461088, geometry=POINT (13460298.048183221 3638007.9656000347), status=home, , Commuter(unique_id=241579256355108208145936598582221484853, geometry=POINT (13460298.048183221 3638007.9656000347), status=home, }",94.0,109.0,107.0,98.0,93.0,99.0,81.0,106.0,106.0,108.0,124.0,122.0,7,10,7,9,7
set(),0.0,10.0,7.0,19.0,16.0,15.0,14.0,17.0,8.0,1.0,9.0,14.0,5,19,4,17,11
set(),9.0,8.0,17.0,10.0,1.0,11.0,14.0,8.0,18.0,0.0,17.0,12.0,11,2,2,3,6
set(),2.0,7.0,7.0,18.0,1.0,0.0,16.0,19.0,17.0,13.0,14.0,6.0,22,29,28,29,31
set(),8.0,9.0,2.0,17.0,15.0,6.0,7.0,3.0,8.0,1.0,16.0,1.0,25,11,11,27,12
set(),15.0,3.0,13.0,17.0,7.0,0.0,7.0,0.0,1.0,7.0,11.0,9.0,21,28,12,10,19
"{Commuter(unique_id=285636589311425208107626685520906983609, geometry=POINT (13460775.100992246 3637841.0804072986), status=home, , Commuter(unique_id=173512047284038976691059048641442402853, geometry=POINT (13460775.100992246 3637841.0804072986), status=home, , Commuter(unique_id=333570255656002607563116129304789403533, geometry=POINT (13460775.100992246 3637841.0804072986), status=home, , Commuter(unique_id=214392068494272820606805456432640190564, geometry=POINT (13460775.100992246 3637841.0804072986), status=home, , Commuter(unique_id=149829635176328737671386973871960561159, geometry=POINT (13460775.100992246 3637841.0804072986), status=home, , Commuter(unique_id=35765243959434223220067925014990755028, geometry=POINT (13460775.100992246 3637841.0804072986), status=home, , Commuter(unique_id=137190142803830988043307645861319240736, geometry=POINT (13460775.100992246 3637841.0804072986), status=home, , Commuter(unique_id=231564064831161647515823969949084483079, geometry=POINT (13460775.100992246 3637841.0804072986), status=home, }",90.0,85.0,95.0,94.0,90.0,84.0,122.0,125.0,127.0,132.0,128.0,139.0,16,14,28,26,27
"{Commuter(unique_id=233183728432735830730618766049292523230, geometry=POINT (13460663.633258052 3637833.127571519), status=home, , Commuter(unique_id=160771964348163377775390804028069328658, geometry=POINT (13460663.633258052 3637833.127571519), status=home, , Commuter(unique_id=94969010606134427195664888931761332308, geometry=POINT (13460663.633258052 3637833.127571519), status=home, , Commuter(unique_id=224817978574208545719271126715186274914, geometry=POINT (13460663.633258052 3637833.127571519), status=home, , Commuter(unique_id=63117596812588842274205798030924433529, geometry=POINT (13460663.633258052 3637833.127571519), status=home, , Commuter(unique_id=47929018440542461466698780193791037513, geometry=POINT (13460663.633258052 3637833.127571519), status=home, }",76.0,71.0,66.0,60.0,79.0,72.0,64.0,62.0,70.0,89.0,76.0,88.0,6,11,0,19,25
set(),5.0,3.0,16.0,11.0,8.0,14.0,15.0,17.0,19.0,5.0,18.0,3.0,6,18,6,10,1
"{Commuter(unique_id=237298597829932715501464637145058860359, geometry=POINT (13460700.232697299 3637884.6384341135), status=home, , Commuter(unique_id=303169007599034999193771124634420756637, geometry=POINT (13460700.232697299 3637884.6384341135), status=home, }",21.0,12.0,10.0,8.0,3.0,9.0,24.0,39.0,28.0,24.0,27.0,36.0,19,3,14,1,0
"{Commuter(unique_id=71551616048840918279287407590852979246, geometry=POINT (13460626.123681325 3637891.255238214), status=home, , Commuter(unique_id=99135295653670062990172112322565463158, geometry=POINT (13460626.123681325 3637891.255238214), status=home, , Commuter(unique_id=143825525903363120896790158689809774040, geometry=POINT (13460626.123681325 3637891.255238214), status=home, , Commuter(unique_id=336293101734129967868432705054661819173, geometry=POINT (13460626.123681325 3637891.255238214), status=home, , Commuter(unique_id=283740416947510593490693231046674747409, geometry=POINT (13460626.123681325 3637891.255238214), status=home, , Commuter(unique_id=333779283919726444369254411151618439066, geometry=POINT (13460626.123681325 3637891.255238214), status=home, }",73.0,74.0,85.0,77.0,77.0,86.0,1.0,4.0,4.0,19.0,9.0,14.0,14,5,8,8,18
"{Commuter(unique_id=163432816123058965520453671424896788775, geometry=POINT (13460576.034229612 3637902.2353265593), status=home, , Commuter(unique_id=100153735407235936297655092125969621706, geometry=POINT (13460576.034229612 3637902.2353265593), status=home, , Commuter(unique_id=41302455279875268853833023055942589132, geometry=POINT (13460576.034229612 3637902.2353265593), status=home, }",46.0,48.0,35.0,31.0,44.0,30.0,38.0,25.0,26.0,24.0,33.0,31.0,13,6,8,2,18
"{Commuter(unique_id=109262720210284553642875546187492308224, geometry=POINT (13460523.7187019 3637920.242610164), status=home, }",12.0,10.0,27.0,22.0,22.0,16.0,10.0,26.0,34.0,21.0,27.0,35.0,12,17,13,1,19
"{Commuter(unique_id=238933218642009942153830187240080730257, geometry=POINT (13460543.813169297 3637847.9484145474), status=home, }",3.0,8.0,15.0,5.0,0.0,9.0,55.0,0.0,14.0,14.0,13.0,10.0,30,35,38,17,23
"{Commuter(unique_id=276487378296939710632102631715774227219, geometry=POINT (13460521.023986742 3637892.2483618027), status=home, }",25.0,12.0,16.0,17.0,17.0,17.0,14.0,24.0,28.0,26.0,22.0,17.0,26,2,15,2,19
set(),16.0,13.0,19.0,8.0,5.0,1.0,2.0,18.0,14.0,18.0,10.0,18.0,22,30,26,23,31
set(),4.0,15.0,9.0,0.0,6.0,16.0,10.0,11.0,2.0,17.0,12.0,2.0,30,27,25,32,30
"{Commuter(unique_id=258687556349984792617237439746878034662, geometry=POINT (13460468.39057746 3637902.798422105), status=home, , Commuter(unique_id=52925576457554771207407842436562722917, geometry=POINT (13460468.39057746 3637902.798422105), status=home, , Commuter(unique_id=318233510937899418763028426541181024108, geometry=POINT (13460468.39057746 3637902.798422105), status=home, , Commuter(unique_id=230254951749403327356996644982662567275, geometry=POINT (13460468.39057746 3637902.798422105), status=home, }",56.0,47.0,50.0,47.0,63.0,66.0,45.0,34.0,0.0,13.0,1.0,6.0,3,13,17,15,14
set(),13.0,19.0,16.0,13.0,14.0,15.0,13.0,7.0,18.0,18.0,9.0,5.0,1,11,10,19,3
set(),8.0,2.0,7.0,14.0,0.0,13.0,16.0,13.0,8.0,8.0,11.0,6.0,14,7,17,5,3
set(),14.0,9.0,4.0,18.0,1.0,12.0,16.0,11.0,14.0,12.0,14.0,15.0,21,18,3,33,32
set(),13.0,6.0,10.0,15.0,11.0,2.0,17.0,10.0,4.0,14.0,0.0,9.0,19,13,19,11,12
set(),19.0,5.0,0.0,15.0,2.0,15.0,6.0,13.0,11.0,11.0,13.0,10.0,31,29,22,25,0
set(),18.0,17.0,13.0,11.0,16.0,11.0,10.0,7.0,7.0,14.0,4.0,7.0,11,8,12,17,4
set(),7.0,19.0,0.0,0.0,2.0,8.0,8.0,12.0,13.0,2.0,9.0,10.0,2,11,13,19,16
set(),8.0,13.0,12.0,5.0,8.0,14.0,15.0,6.0,12.0,6.0,7.0,12.0,13,17,10,3,17
set(),3.0,1.0,17.0,10.0,19.0,2.0,18.0,3.0,18.0,13.0,17.0,18.0,16,12,7,6,9
"{Commuter(unique_id=253980595815304187376017239336857392018, geometry=POINT (13460150.964988157 3637892.330339824), status=home, , Commuter(unique_id=216891217811475272648770250169661032687, geometry=POINT (13460150.964988157 3637892.330339824), status=home, , Commuter(unique_id=76690606297691153570144304996042531259, geometry=POINT (13460150.964988157 3637892.330339824), status=home, , Commuter(unique_id=37727327286012387650732743096622078713, geometry=POINT (13460150.964988157 3637892.330339824), status=home, , Commuter(unique_id=129410284331073998680160990573917298850, geometry=POINT (13460150.964988157 3637892.330339824), status=home, , Commuter(unique_id=197954193434821633550930103889390729563, geometry=POINT (13460150.964988157 3637892.330339824), status=home, }",19.0,0.0,7.0,7.0,5.0,2.0,94.0,14.0,0.0,0.0,17.0,17.0,7,19,0,9,9
"{Commuter(unique_id=135369135782879557449236362904774301484, geometry=POINT (13460091.602209402 3637933.483211001), status=home, , Commuter(unique_id=299978737558402495489133778920297189632, geometry=POINT (13460091.602209402 3637933.483211001), status=home, }",33.0,38.0,38.0,23.0,23.0,29.0,14.0,12.0,4.0,6.0,18.0,16.0,19,16,4,15,9
"{Commuter(unique_id=207019200798646060431564230067869541765, geometry=POINT (13460092.867207492 3637888.3971949876), status=home, , Commuter(unique_id=156006222248277929751478428919246798114, geometry=POINT (13460092.867207492 3637888.3971949876), status=home, }",22.0,6.0,1.0,2.0,15.0,15.0,20.0,10.0,16.0,15.0,10.0,22.0,1,10,3,1,14
set(),18.0,6.0,7.0,4.0,12.0,9.0,8.0,6.0,19.0,11.0,8.0,9.0,5,5,15,5,6
set(),19.0,14.0,12.0,10.0,14.0,8.0,7.0,4.0,14.0,11.0,6.0,8.0,10,15,5,16,7
set(),10.0,13.0,3.0,7.0,18.0,18.0,14.0,6.0,4.0,6.0,15.0,11.0,1,16,1,11,3
"{Commuter(unique_id=147096434514372900012019923951708235823, geometry=POINT (13460748.317144698 3637653.2175488947), status=home, , Commuter(unique_id=287203930399329264134770148682074680384, geometry=POINT (13460748.317144698 3637653.2175488947), status=home, , Commuter(unique_id=283556682861356285746896577985466968642, geometry=POINT (13460748.317144698 3637653.2175488947), status=home, , Commuter(unique_id=151419201277209400867519807567649411212, geometry=POINT (13460748.317144698 3637653.2175488947), status=home, , Commuter(unique_id=156083444379883283274438182577346051181, geometry=POINT (13460748.317144698 3637653.2175488947), status=home, , Commuter(unique_id=117951103075391084821914550720413793512, geometry=POINT (13460748.317144698 3637653.2175488947), status=home, , Commuter(unique_id=52833350906673520722993384540684391473, geometry=POINT (13460748.317144698 3637653.2175488947), status=home, , Commuter(unique_id=53430776572263995164659098946613795511, geometry=POINT (13460748.317144698 3637653.2175488947), status=home, , Commuter(unique_id=168960489726998631614641447610630613252, geometry=POINT (13460748.317144698 3637653.2175488947), status=home, , Commuter(unique_id=244521339319580472064325296934435295395, geometry=POINT (13460748.317144698 3637653.2175488947), status=home, , Commuter(unique_id=80932146060821296090234246810090254335, geometry=POINT (13460748.317144698 3637653.2175488947), status=home, , Commuter(unique_id=186952698781174116174515850066334237380, geometry=POINT (13460748.317144698 3637653.2175488947), status=home, , Commuter(unique_id=216200878234149440934162766313869523483, geometry=POINT (13460748.317144698 3637653.2175488947), status=home, , Commuter(unique_id=310333267364472997631838625356131502893, geometry=POINT (13460748.317144698 3637653.2175488947), status=home, , Commuter(unique_id=177549712734990223321638506391366897764, geometry=POINT (13460748.317144698 3637653.2175488947), status=home, , Commuter(unique_id=74787303985547000435872707168363501079, geometry=POINT (13460748.317144698 3637653.2175488947), status=home, , Commuter(unique_id=299448109069118506658965978811537995763, geometry=POINT (13460748.317144698 3637653.2175488947), status=home, , Commuter(unique_id=30066931218720908272823301730429754944, geometry=POINT (13460748.317144698 3637653.2175488947), status=home, , Commuter(unique_id=232624084008323810615398977846919578437, geometry=POINT (13460748.317144698 3637653.2175488947), status=home, , Commuter(unique_id=266158348571968618775235580604142750017, geometry=POINT (13460748.317144698 3637653.2175488947), status=home, , Commuter(unique_id=224154852468601419198047620812091211606, geometry=POINT (13460748.317144698 3637653.2175488947), status=home, , Commuter(unique_id=102673965401011734030983052835756342734, geometry=POINT (13460748.317144698 3637653.2175488947), status=home, , Commuter(unique_id=148337149166642584318809940260489920065, geometry=POINT (13460748.317144698 3637653.2175488947), status=home, , Commuter(unique_id=67476146911292810211232886775438140214, geometry=POINT (13460748.317144698 3637653.2175488947), status=home, , Commuter(unique_id=278041763449896322858121730676766359505, geometry=POINT (13460748.317144698 3637653.2175488947), status=home, , Commuter(unique_id=275143809619285577332790204664880248346, geometry=POINT (13460748.317144698 3637653.2175488947), status=home, }",286.0,286.0,298.0,293.0,307.0,297.0,123.0,132.0,154.0,143.0,152.0,147.0,5,8,12,5,6
set(),15.0,12.0,2.0,14.0,17.0,10.0,18.0,14.0,11.0,16.0,11.0,16.0,17,1,16,12,14
"{Commuter(unique_id=84606367043836860594172844512493763097, geometry=POINT (13460665.43613991 3637672.6778897983), status=home, , Commuter(unique_id=233249978727361179522831896836784070646, geometry=POINT (13460665.43613991 3637672.6778897983), status=home, , Commuter(unique_id=13695305076026606810230478303981432671, geometry=POINT (13460665.43613991 3637672.6778897983), status=home, , Commuter(unique_id=278652210749969676972981823234526871582, geometry=POINT (13460665.43613991 3637672.6778897983), status=home, , Commuter(unique_id=2185430158496865931241488923686162045, geometry=POINT (13460665.43613991 3637672.6778897983), status=home, , Commuter(unique_id=243863846005755785485179503125094007567, geometry=POINT (13460665.43613991 3637672.6778897983), status=home, , Commuter(unique_id=37169375684729663155598822523653374612, geometry=POINT (13460665.43613991 3637672.6778897983), status=home, , Commuter(unique_id=323781035091675232418933998405784996532, geometry=POINT (13460665.43613991 3637672.6778897983), status=home, }",94.0,105.0,100.0,110.0,117.0,111.0,91.0,93.0,104.0,105.0,101.0,98.0,8,14,8,16,8
set(),3.0,12.0,2.0,10.0,15.0,14.0,13.0,15.0,19.0,16.0,6.0,12.0,8,11,6,4,18
set(),15.0,5.0,13.0,0.0,8.0,18.0,9.0,2.0,1.0,3.0,19.0,14.0,10,8,5,16,8
set(),0.0,8.0,1.0,0.0,11.0,4.0,12.0,9.0,16.0,4.0,7.0,11.0,11,6,2,17,13
set(),5.0,16.0,2.0,0.0,8.0,6.0,5.0,15.0,10.0,11.0,3.0,5.0,5,6,15,14,2
"{Commuter(unique_id=297614491277006914402409441456478270914, geometry=POINT (13460522.590842547 3637442.4998325435), status=home, , Commuter(unique_id=119605351884298325111384341908452127159, geometry=POINT (13460522.590842547 3637442.4998325435), status=home, , Commuter(unique_id=280133816792463125763179279530887791171, geometry=POINT (13460522.590842547 3637442.4998325435), status=home, }",51.0,58.0,57.0,40.0,53.0,49.0,49.0,42.0,37.0,46.0,39.0,44.0,18,12,12,19,29
set(),11.0,9.0,3.0,4.0,12.0,2.0,2.0,14.0,1.0,3.0,5.0,5.0,33,25,28,23,20
set(),9.0,4.0,4.0,18.0,19.0,6.0,12.0,8.0,18.0,6.0,9.0,3.0,11,9,16,10,1
set(),13.0,7.0,4.0,8.0,16.0,7.0,5.0,1.0,12.0,4.0,5.0,8.0,2,0,3,4,1
set(),14.0,14.0,0.0,8.0,5.0,0.0,0.0,5.0,7.0,17.0,8.0,16.0,19,7,10,12,12
set(),10.0,18.0,12.0,9.0,14.0,14.0,13.0,9.0,7.0,11.0,17.0,10.0,11,14,4,15,9
set(),19.0,14.0,7.0,8.0,1.0,4.0,13.0,15.0,2.0,4.0,6.0,10.0,14,6,9,14,7
set(),3.0,5.0,15.0,13.0,8.0,13.0,3.0,2.0,15.0,11.0,17.0,10.0,4,15,12,13,18
set(),17.0,1.0,11.0,18.0,12.0,18.0,3.0,6.0,16.0,13.0,2.0,9.0,2,8,18,6,1
set(),9.0,17.0,4.0,8.0,3.0,7.0,10.0,13.0,12.0,3.0,8.0,8.0,7,19,7,10,10
set(),4.0,1.0,10.0,16.0,14.0,5.0,10.0,5.0,6.0,4.0,9.0,13.0,4,6,12,4,4
set(),10.0,15.0,18.0,5.0,16.0,5.0,9.0,17.0,15.0,2.0,15.0,17.0,10,1,6,10,18
"{Commuter(unique_id=164925052900156937439037039331345683424, geometry=POINT (13460509.262736894 3637400.5919631394), status=home, , Commuter(unique_id=290544286103432316638692758773867125563, geometry=POINT (13460509.262736894 3637400.5919631394), status=home, , Commuter(unique_id=36237481791127782712698655435235461766, geometry=POINT (13460509.262736894 3637400.5919631394), status=home, }",41.0,33.0,37.0,30.0,45.0,47.0,57.0,57.0,41.0,58.0,51.0,55.0,2,18,0,17,12
set(),17.0,9.0,5.0,6.0,11.0,11.0,2.0,2.0,6.0,13.0,10.0,10.0,2,4,12,13,2
set(),6.0,4.0,9.0,19.0,1.0,7.0,16.0,6.0,9.0,7.0,9.0,7.0,1,8,16,4,16
"{Commuter(unique_id=136286499694070569224042885566585835135, geometry=POINT (13460287.702960506 3637736.948362342), status=home, , Commuter(unique_id=81151799096451861325688075779939172344, geometry=POINT (13460287.702960506 3637736.948362342), status=home, , Commuter(unique_id=69185218006683560195472628168316061203, geometry=POINT (13460287.702960506 3637736.948362342), status=home, , Commuter(unique_id=11479588248325295935022574664452042924, geometry=POINT (13460287.702960506 3637736.948362342), status=home, , Commuter(unique_id=133430537180620611209319653375123418521, geometry=POINT (13460287.702960506 3637736.948362342), status=home, , Commuter(unique_id=5388440624858740070343279786499590681, geometry=POINT (13460287.702960506 3637736.948362342), status=home, , Commuter(unique_id=305452500279286764138401425041507839579, geometry=POINT (13460287.702960506 3637736.948362342), status=home, , Commuter(unique_id=44274837637367255361946619418513089581, geometry=POINT (13460287.702960506 3637736.948362342), status=home, , Commuter(unique_id=29012044022905366382122511262982237422, geometry=POINT (13460287.702960506 3637736.948362342), status=home, , Commuter(unique_id=200228805647292185610192563175742357478, geometry=POINT (13460287.702960506 3637736.948362342), status=home, , Commuter(unique_id=18697509632812863690521335850557740941, geometry=POINT (13460287.702960506 3637736.948362342), status=home, }",110.0,127.0,115.0,129.0,119.0,114.0,88.0,82.0,70.0,53.0,71.0,66.0,18,18,11,16,18
"{Commuter(unique_id=140153486211247823157379827743474187752, geometry=POINT (13460299.703461902 3637646.501927491), status=home, , Commuter(unique_id=19825192481634693439204449593918176839, geometry=POINT (13460299.703461902 3637646.501927491), status=home, , Commuter(unique_id=34196391877583981477941022314529722424, geometry=POINT (13460299.703461902 3637646.501927491), status=home, }",35.0,39.0,34.0,36.0,47.0,39.0,46.0,47.0,45.0,41.0,48.0,59.0,3,19,10,17,4
set(),13.0,6.0,2.0,1.0,0.0,18.0,0.0,8.0,14.0,7.0,13.0,19.0,19,0,1,6,6
set(),12.0,8.0,6.0,5.0,1.0,14.0,13.0,6.0,14.0,17.0,15.0,7.0,14,15,2,19,5
set(),7.0,9.0,16.0,1.0,16.0,19.0,3.0,16.0,19.0,6.0,4.0,12.0,4,9,1,1,12
set(),9.0,18.0,16.0,13.0,18.0,5.0,18.0,19.0,13.0,13.0,15.0,11.0,11,0,8,14,12
set(),16.0,6.0,7.0,16.0,2.0,9.0,12.0,2.0,12.0,17.0,17.0,0.0,1,6,4,6,6
set(),15.0,16.0,12.0,18.0,5.0,15.0,14.0,4.0,2.0,14.0,12.0,0.0,9,14,15,0,7
set(),5.0,14.0,5.0,4.0,14.0,9.0,18.0,14.0,2.0,17.0,16.0,9.0,36,38,35,19,21
set(),13.0,9.0,7.0,8.0,19.0,17.0,16.0,0.0,2.0,10.0,5.0,2.0,15,10,9,11,5
set(),14.0,15.0,6.0,14.0,4.0,19.0,16.0,1.0,16.0,0.0,17.0,0.0,8,5,14,16,15
set(),7.0,2.0,11.0,7.0,8.0,5.0,0.0,0.0,6.0,8.0,19.0,16.0,3,2,7,16,16
set(),5.0,7.0,13.0,17.0,3.0,18.0,3.0,11.0,0.0,11.0,17.0,14.0,3,2,19,18,11
set(),4.0,5.0,18.0,13.0,5.0,11.0,11.0,11.0,15.0,7.0,14.0,16.0,6,9,13,12,11
set(),10.0,10.0,12.0,10.0,2.0,2.0,9.0,12.0,7.0,2.0,1.0,16.0,2,9,0,29,17
set(),0.0,6.0,1.0,5.0,10.0,8.0,18.0,10.0,16.0,8.0,19.0,7.0,18,2,17,18,12
set(),0.0,10.0,8.0,5.0,12.0,16.0,1.0,10.0,11.0,17.0,17.0,5.0,3,17,2,9,3
set(),4.0,6.0,16.0,7.0,16.0,19.0,18.0,16.0,17.0,4.0,2.0,2.0,1,18,0,0,4
set(),14.0,12.0,0.0,18.0,6.0,17.0,12.0,2.0,16.0,19.0,8.0,3.0,17,1,3,11,3
set(),10.0,12.0,0.0,2.0,1.0,4.0,12.0,10.0,6.0,15.0,14.0,16.0,6,2,11,9,5
set(),9.0,17.0,9.0,17.0,3.0,18.0,14.0,11.0,19.0,1.0,13.0,10.0,12,2,3,3,10
"{Commuter(unique_id=51871939669756980989938746309840670332, geometry=POINT (13460345.357789142 3637540.7614079705), status=home, , Commuter(unique_id=50998857618372803563201013463676055158, geometry=POINT (13460345.357789142 3637540.7614079705), status=home, }",36.0,26.0,27.0,33.0,33.0,23.0,68.0,51.0,51.0,50.0,50.0,58.0,19,0,9,3,8
"{Commuter(unique_id=152186905540025773675519414582166106977, geometry=POINT (13460439.630558355 3637513.4525668137), status=home, , Commuter(unique_id=278116434054401133636093610287590841862, geometry=POINT (13460439.630558355 3637513.4525668137), status=home, , Commuter(unique_id=158417728255277186179184427051531972875, geometry=POINT (13460439.630558355 3637513.4525668137), status=home, , Commuter(unique_id=174289541497104523044495983259994315423, geometry=POINT (13460439.630558355 3637513.4525668137), status=home, , Commuter(unique_id=79362248657943319243613789513538785732, geometry=POINT (13460439.630558355 3637513.4525668137), status=home, }",68.0,57.0,50.0,52.0,62.0,68.0,76.0,93.0,98.0,98.0,88.0,99.0,11,17,4,13,7
"{Commuter(unique_id=114438666312047858725185116522789710275, geometry=POINT (13460379.013904614 3637482.5794574907), status=home, , Commuter(unique_id=86641608651904741732806683398235991380, geometry=POINT (13460379.013904614 3637482.5794574907), status=home, , Commuter(unique_id=329289115717075427296978321081144002706, geometry=POINT (13460379.013904614 3637482.5794574907), status=home, }",57.0,41.0,40.0,46.0,57.0,41.0,39.0,12.0,8.0,18.0,14.0,14.0,15,17,19,6,3
set(),14.0,11.0,4.0,3.0,6.0,16.0,12.0,8.0,2.0,9.0,7.0,8.0,18,19,3,5,28
set(),6.0,6.0,19.0,15.0,16.0,1.0,8.0,14.0,9.0,12.0,6.0,6.0,13,14,7,15,18
set(),16.0,5.0,9.0,9.0,17.0,1.0,10.0,7.0,2.0,2.0,18.0,12.0,42,37,45,4,17
set(),17.0,17.0,18.0,10.0,2.0,7.0,14.0,16.0,19.0,5.0,1.0,15.0,28,18,27,39,39
set(),11.0,4.0,17.0,4.0,2.0,8.0,18.0,5.0,17.0,1.0,5.0,4.0,18,14,14,6,11
"{Commuter(unique_id=101147918025858772196940730562745396927, geometry=POINT (13460441.955594698 3637417.5013982677), status=home, , Commuter(unique_id=14376974732927403352053746205263843323, geometry=POINT (13460441.955594698 3637417.5013982677), status=home, , Commuter(unique_id=77800980837879168540519130660676073329, geometry=POINT (13460441.955594698 3637417.5013982677), status=home, , Commuter(unique_id=339124846188462012919478087096165105780, geometry=POINT (13460441.955594698 3637417.5013982677), status=home, , Commuter(unique_id=120648707988321650317564711027857523182, geometry=POINT (13460441.955594698 3637417.5013982677), status=home, , Commuter(unique_id=304442150305887945388363519620620826514, geometry=POINT (13460441.955594698 3637417.5013982677), status=home, }",62.0,67.0,62.0,63.0,71.0,66.0,39.0,47.0,61.0,62.0,75.0,64.0,6,18,7,7,8
set(),2.0,5.0,16.0,1.0,15.0,10.0,16.0,4.0,2.0,19.0,0.0,11.0,27,14,10,19,18
set(),18.0,15.0,11.0,0.0,6.0,7.0,18.0,11.0,8.0,17.0,0.0,17.0,12,12,12,9,13
set(),17.0,15.0,13.0,18.0,1.0,12.0,10.0,4.0,9.0,1.0,18.0,18.0,6,13,12,19,19
set(),8.0,13.0,14.0,12.0,0.0,19.0,0.0,16.0,2.0,2.0,1.0,18.0,2,14,3,28,24
set(),10.0,18.0,5.0,7.0,1.0,9.0,0.0,2.0,2.0,7.0,16.0,2.0,7,19,10,3,6
set(),12.0,1.0,2.0,5.0,15.0,9.0,17.0,17.0,18.0,5.0,11.0,15.0,0,9,14,11,5
set(),9.0,5.0,9.0,2.0,9.0,1.0,2.0,10.0,1.0,15.0,19.0,2.0,16,19,13,19,19
set(),0.0,9.0,9.0,1.0,4.0,6.0,8.0,13.0,15.0,2.0,4.0,18.0,4,15,4,11,6
set(),11.0,7.0,17.0,8.0,8.0,1.0,19.0,4.0,11.0,2.0,3.0,11.0,18,0,16,31,23
"{Commuter(unique_id=233981690831431058043195109422306288157, geometry=POINT (13460117.162510522 3637799.135591964), status=home, , Commuter(unique_id=255133832706030839890335878878444927119, geometry=POINT (13460117.162510522 3637799.135591964), status=home, }",29.0,46.0,47.0,37.0,38.0,48.0,27.0,31.0,29.0,23.0,31.0,38.0,5,9,7,14,2
set(),5.0,0.0,0.0,4.0,1.0,10.0,3.0,14.0,17.0,0.0,3.0,2.0,9,19,13,6,10
"{Commuter(unique_id=63476783008414906794334359098474158342, geometry=POINT (13460166.967188297 3637786.3217861895), status=home, , Commuter(unique_id=338215220492596472120189618817908612093, geometry=POINT (13460166.967188297 3637786.3217861895), status=home, , Commuter(unique_id=135325102340812285988175473627884996433, geometry=POINT (13460166.967188297 3637786.3217861895), status=home, , Commuter(unique_id=205006287217025706024245831084901269853, geometry=POINT (13460166.967188297 3637786.3217861895), status=home, , Commuter(unique_id=200938427608553220043056988182625801817, geometry=POINT (13460166.967188297 3637786.3217861895), status=home, , Commuter(unique_id=30375161206921498459640605933207457021, geometry=POINT (13460166.967188297 3637786.3217861895), status=home, }",67.0,75.0,64.0,61.0,70.0,70.0,54.0,51.0,66.0,68.0,52.0,50.0,16,25,27,4,0
"{Commuter(unique_id=337378913946674363025944142671437728420, geometry=POINT (13460210.436439527 3637753.3712053215), status=home, , Commuter(unique_id=316243438535920282675859932124294138174, geometry=POINT (13460210.436439527 3637753.3712053215), status=home, , Commuter(unique_id=18433560308087870135343254023666987161, geometry=POINT (13460210.436439527 3637753.3712053215), status=home, }",40.0,42.0,50.0,58.0,65.0,59.0,54.0,57.0,42.0,57.0,55.0,52.0,22,25,24,4,15
set(),9.0,18.0,9.0,2.0,10.0,3.0,17.0,6.0,16.0,3.0,6.0,14.0,19,2,15,10,16
set(),5.0,16.0,0.0,8.0,15.0,19.0,3.0,6.0,14.0,4.0,0.0,16.0,11,9,11,15,19
set(),14.0,15.0,0.0,12.0,4.0,6.0,18.0,0.0,12.0,7.0,3.0,5.0,10,8,18,12,16
set(),7.0,18.0,5.0,7.0,12.0,17.0,13.0,2.0,17.0,18.0,8.0,7.0,10,16,19,7,6
set(),17.0,2.0,7.0,3.0,15.0,14.0,11.0,2.0,3.0,0.0,0.0,10.0,7,10,15,39,32
"{Commuter(unique_id=318729696602803022629692500119353059072, geometry=POINT (13460155.040093007 3637662.7792047122), status=home, , Commuter(unique_id=17431654973762972088464758292264287531, geometry=POINT (13460155.040093007 3637662.7792047122), status=home, , Commuter(unique_id=197211074034090250035580926346235222927, geometry=POINT (13460155.040093007 3637662.7792047122), status=home, , Commuter(unique_id=55403727657473793359718287634026150961, geometry=POINT (13460155.040093007 3637662.7792047122), status=home, , Commuter(unique_id=9957955753162924121923696960789721925, geometry=POINT (13460155.040093007 3637662.7792047122), status=home, , Commuter(unique_id=7519593122430105343208597096379726398, geometry=POINT (13460155.040093007 3637662.7792047122), status=home, , Commuter(unique_id=13898632749551101439173544033331539020, geometry=POINT (13460155.040093007 3637662.7792047122), status=home, }",78.0,87.0,86.0,81.0,80.0,75.0,27.0,35.0,42.0,36.0,41.0,40.0,7,15,1,18,13
set(),9.0,8.0,15.0,19.0,1.0,5.0,15.0,6.0,12.0,1.0,12.0,7.0,2,2,4,19,2
set(),18.0,2.0,14.0,12.0,4.0,0.0,1.0,19.0,18.0,7.0,1.0,13.0,19,12,4,12,9
set(),13.0,11.0,1.0,7.0,12.0,3.0,12.0,13.0,15.0,8.0,15.0,2.0,6,8,10,8,12
"{Commuter(unique_id=274335053175324419653780409872101646251, geometry=POINT (13460194.060426142 3637591.4223002777), status=home, , Commuter(unique_id=39970151385900361051276188615027614970, geometry=POINT (13460194.060426142 3637591.4223002777), status=home, , Commuter(unique_id=197492227953990813273741327828341735935, geometry=POINT (13460194.060426142 3637591.4223002777), status=home, , Commuter(unique_id=68048737415504693666187816291372548329, geometry=POINT (13460194.060426142 3637591.4223002777), status=home, }",51.0,51.0,49.0,54.0,48.0,47.0,55.0,56.0,52.0,53.0,62.0,61.0,19,2,3,7,0
set(),16.0,11.0,14.0,3.0,15.0,8.0,4.0,17.0,5.0,11.0,11.0,4.0,13,7,19,8,12
"{Commuter(unique_id=257662535648427136705537749645960580026, geometry=POINT (13460118.283405349 3637415.8740538466), status=home, , Commuter(unique_id=288725932434394206380507443953408537220, geometry=POINT (13460118.283405349 3637415.8740538466), status=home, , Commuter(unique_id=18467073088155806336824339197730544658, geometry=POINT (13460118.283405349 3637415.8740538466), status=home, }",46.0,44.0,42.0,49.0,44.0,38.0,48.0,60.0,56.0,59.0,50.0,65.0,4,12,17,11,1
"{Commuter(unique_id=38067096288272459942163278800255004049, geometry=POINT (13460251.615767973 3637503.0458612647), status=home, , Commuter(unique_id=139044032464214842496371659429411680539, geometry=POINT (13460251.615767973 3637503.0458612647), status=home, , Commuter(unique_id=337165532670830307491539356881848416829, geometry=POINT (13460251.615767973 3637503.0458612647), status=home, , Commuter(unique_id=255696631083489387384857583833872628857, geometry=POINT (13460251.615767973 3637503.0458612647), status=home, , Commuter(unique_id=226896423824874740246810360213909504636, geometry=POINT (13460251.615767973 3637503.0458612647), status=home, , Commuter(unique_id=130793291495231472838299559326753708924, geometry=POINT (13460251.615767973 3637503.0458612647), status=home, , Commuter(unique_id=321474527254670425482493872112138178082, geometry=POINT (13460251.615767973 3637503.0458612647), status=home, , Commuter(unique_id=229303862911333474576169161277811565778, geometry=POINT (13460251.615767973 3637503.0458612647), status=home, , Commuter(unique_id=148385214707719875614366034479993043693, geometry=POINT (13460251.615767973 3637503.0458612647), status=home, }",122.0,115.0,110.0,128.0,128.0,123.0,139.0,152.0,164.0,153.0,167.0,161.0,8,16,14,6,6
"{Commuter(unique_id=256326952188248767562706740511846686265, geometry=POINT (13460258.925776556 3637429.4746674243), status=home, , Commuter(unique_id=184317877463461830822717966801695042470, geometry=POINT (13460258.925776556 3637429.4746674243), status=home, , Commuter(unique_id=132098798292455632948048324085585600177, geometry=POINT (13460258.925776556 3637429.4746674243), status=home, , Commuter(unique_id=48867127614220960955706192542289455836, geometry=POINT (13460258.925776556 3637429.4746674243), status=home, }",52.0,53.0,48.0,54.0,65.0,68.0,69.0,70.0,72.0,62.0,79.0,77.0,8,19,18,2,15
set(),19.0,9.0,14.0,1.0,12.0,1.0,4.0,1.0,9.0,0.0,0.0,0.0,14,15,15,15,5
"{Commuter(unique_id=238921055106314981759963484612360375809, geometry=POINT (13460338.810898442 3637403.739695182), status=home, , Commuter(unique_id=54073322649007180261091474430539116523, geometry=POINT (13460338.810898442 3637403.739695182), status=home, , Commuter(unique_id=36373298732400492461778698036051058944, geometry=POINT (13460338.810898442 3637403.739695182), status=home, , Commuter(unique_id=14443747222375042921513311530275698108, geometry=POINT (13460338.810898442 3637403.739695182), status=home, , Commuter(unique_id=139227345988113788836281206618625343292, geometry=POINT (13460338.810898442 3637403.739695182), status=home, , Commuter(unique_id=201774121623407413869860785157117096620, geometry=POINT (13460338.810898442 3637403.739695182), status=home, , Commuter(unique_id=80990823041726641524167962340758480287, geometry=POINT (13460338.810898442 3637403.739695182), status=home, , Commuter(unique_id=93604395225894712013113073472842790576, geometry=POINT (13460338.810898442 3637403.739695182), status=home, }",99.0,84.0,89.0,86.0,95.0,80.0,31.0,37.0,20.0,32.0,36.0,33.0,28,15,16,40,47
"{Commuter(unique_id=56085132417142145055775590484161707953, geometry=POINT (13460346.355379155 3637307.7974947817), status=home, , Commuter(unique_id=106267743343467357364270669332954404397, geometry=POINT (13460346.355379155 3637307.7974947817), status=home, }",27.0,24.0,26.0,38.0,47.0,41.0,116.0,120.0,121.0,136.0,139.0,135.0,3,10,4,19,12
set(),11.0,16.0,16.0,15.0,18.0,9.0,0.0,16.0,1.0,19.0,14.0,9.0,29,20,16,18,27
set(),3.0,12.0,19.0,15.0,4.0,16.0,1.0,12.0,7.0,10.0,8.0,7.0,33,22,38,29,10
set(),5.0,18.0,18.0,14.0,11.0,19.0,0.0,1.0,3.0,16.0,11.0,19.0,12,3,16,9,8
set(),7.0,12.0,16.0,2.0,10.0,0.0,18.0,0.0,17.0,17.0,2.0,14.0,33,37,27,15,28
set(),17.0,2.0,16.0,10.0,17.0,4.0,10.0,2.0,3.0,15.0,19.0,1.0,18,5,14,15,28
set(),2.0,18.0,4.0,1.0,1.0,19.0,16.0,3.0,17.0,12.0,4.0,18.0,19,17,17,20,18
set(),16.0,7.0,12.0,11.0,12.0,7.0,3.0,0.0,13.0,2.0,3.0,14.0,15,16,4,15,4
set(),13.0,13.0,18.0,11.0,17.0,12.0,11.0,16.0,4.0,19.0,5.0,11.0,5,19,18,16,17
set(),11.0,15.0,4.0,6.0,6.0,18.0,19.0,10.0,9.0,17.0,11.0,14.0,14,7,7,0,6
set(),7.0,6.0,12.0,17.0,19.0,17.0,18.0,2.0,14.0,14.0,9.0,12.0,2,0,8,11,17
set(),9.0,16.0,2.0,16.0,19.0,6.0,11.0,10.0,19.0,8.0,18.0,19.0,12,16,7,11,16
set(),6.0,9.0,19.0,2.0,13.0,18.0,5.0,9.0,5.0,19.0,2.0,19.0,2,19,0,7,11
set(),1.0,0.0,0.0,15.0,19.0,9.0,5.0,6.0,7.0,6.0,10.0,11.0,9,16,19,18,18
"{Commuter(unique_id=7323590735952995968498634839975363168, geometry=POINT (13460424.761314277 3637279.940350825), status=home, , Commuter(unique_id=312511689803508894073146230883325509793, geometry=POINT (13460424.761314277 3637279.940350825), status=home, }",28.0,29.0,24.0,27.0,4.0,16.0,9.0,10.0,2.0,0.0,15.0,11.0,17,23,19,17,19
set(),5.0,9.0,4.0,16.0,17.0,19.0,6.0,10.0,8.0,3.0,18.0,9.0,15,19,13,35,33
set(),12.0,9.0,13.0,9.0,9.0,4.0,5.0,0.0,0.0,9.0,18.0,18.0,38,25,26,13,21
"{Commuter(unique_id=320696962646881970822099208190219510852, geometry=POINT (13460480.83494713 3637347.287677689), status=home, }",20.0,5.0,1.0,7.0,5.0,14.0,10.0,14.0,6.0,18.0,9.0,19.0,19,4,8,0,5
"{Commuter(unique_id=127311133842868323210374699013925693231, geometry=POINT (13460479.708586883 3637276.1742481217), status=home, }",1.0,17.0,16.0,15.0,4.0,15.0,27.0,16.0,27.0,14.0,24.0,13.0,21,23,24,0,3
"{Commuter(unique_id=39648120746717622137243809464308536744, geometry=POINT (13460504.357123883 3637318.1836098228), status=home, , Commuter(unique_id=40210553191534087155156028618289170018, geometry=POINT (13460504.357123883 3637318.1836098228), status=home, , Commuter(unique_id=65111689617090187197953226711405258194, geometry=POINT (13460504.357123883 3637318.1836098228), status=home, , Commuter(unique_id=118078124212386435641691645748840399563, geometry=POINT (13460504.357123883 3637318.1836098228), status=home, }",46.0,54.0,41.0,46.0,48.0,50.0,61.0,61.0,67.0,50.0,54.0,57.0,22,27,44,51,59
"{Commuter(unique_id=144194236352303257056617291040378015536, geometry=POINT (13460541.463084497 3637327.4435814824), status=home, , Commuter(unique_id=207069103683073645760197363124091694732, geometry=POINT (13460541.463084497 3637327.4435814824), status=home, }",23.0,36.0,37.0,23.0,36.0,32.0,7.0,12.0,20.0,37.0,21.0,29.0,8,19,2,26,39
set(),13.0,19.0,16.0,14.0,17.0,15.0,18.0,12.0,15.0,10.0,3.0,17.0,10,9,14,20,15
set(),3.0,18.0,0.0,0.0,6.0,17.0,10.0,6.0,1.0,16.0,9.0,1.0,19,15,28,21,28
"{Commuter(unique_id=74372023779494081499912290063497674609, geometry=POINT (13460555.160014119 3637271.1660695593), status=home, , Commuter(unique_id=291838335550346061261512819731780129358, geometry=POINT (13460555.160014119 3637271.1660695593), status=home, , Commuter(unique_id=185304258378396181510909415427791527221, geometry=POINT (13460555.160014119 3637271.1660695593), status=home, , Commuter(unique_id=175776529429430071646361958470185900511, geometry=POINT (13460555.160014119 3637271.1660695593), status=home, , Commuter(unique_id=12799332841391504044651570191423013642, geometry=POINT (13460555.160014119 3637271.1660695593), status=home, }",53.0,61.0,50.0,61.0,54.0,56.0,13.0,19.0,12.0,21.0,14.0,12.0,11,15,15,10,4
"{Commuter(unique_id=267960009792474429503084427205242354326, geometry=POINT (13460607.448238896 3637271.0526935267), status=home, , Commuter(unique_id=65108385388587373200259977139073026978, geometry=POINT (13460607.448238896 3637271.0526935267), status=home, , Commuter(unique_id=214095306707209959974688136551002153496, geometry=POINT (13460607.448238896 3637271.0526935267), status=home, , Commuter(unique_id=26508522249206596829732133358249163699, geometry=POINT (13460607.448238896 3637271.0526935267), status=home, , Commuter(unique_id=263187201376556792297999485184441786009, geometry=POINT (13460607.448238896 3637271.0526935267), status=home, }",55.0,61.0,62.0,50.0,40.0,50.0,34.0,24.0,26.0,22.0,38.0,33.0,4,2,16,15,15
set(),18.0,13.0,19.0,1.0,16.0,1.0,16.0,12.0,13.0,6.0,3.0,4.0,34,42,49,6,15
set(),14.0,4.0,13.0,14.0,2.0,1.0,3.0,17.0,13.0,2.0,10.0,1.0,10,16,9,18,4
set(),5.0,1.0,4.0,5.0,17.0,10.0,4.0,7.0,6.0,18.0,7.0,11.0,10,9,8,18,15
set(),13.0,10.0,8.0,10.0,19.0,18.0,16.0,3.0,17.0,2.0,8.0,12.0,9,15,14,16,3
set(),3.0,4.0,15.0,0.0,17.0,17.0,14.0,14.0,19.0,9.0,12.0,9.0,6,10,4,13,11
set(),5.0,5.0,4.0,13.0,17.0,10.0,15.0,14.0,12.0,6.0,0.0,2.0,15,13,17,1,3
set(),4.0,3.0,13.0,11.0,19.0,5.0,9.0,14.0,8.0,17.0,14.0,6.0,7,11,12,14,11
set(),16.0,1.0,2.0,10.0,19.0,10.0,9.0,10.0,4.0,5.0,9.0,13.0,28,28,17,14,37
"{Commuter(unique_id=177991719745660521918710989040214674299, geometry=POINT (13460355.183960946 3637149.916374055), status=home, , Commuter(unique_id=18000724983673044898180943812700837938, geometry=POINT (13460355.183960946 3637149.916374055), status=home, , Commuter(unique_id=109062147356237750451218641175778733998, geometry=POINT (13460355.183960946 3637149.916374055), status=home, , Commuter(unique_id=183379848616483485591536672313083583538, geometry=POINT (13460355.183960946 3637149.916374055), status=home, , Commuter(unique_id=63479659093563571827583535641302748437, geometry=POINT (13460355.183960946 3637149.916374055), status=home, , Commuter(unique_id=297025703080665142563308822601134777893, geometry=POINT (13460355.183960946 3637149.916374055), status=home, , Commuter(unique_id=182042732069926202280529607622666550466, geometry=POINT (13460355.183960946 3637149.916374055), status=home, , Commuter(unique_id=61309702584700237696181640650416148588, geometry=POINT (13460355.183960946 3637149.916374055), status=home, }",99.0,98.0,95.0,105.0,96.0,98.0,75.0,98.0,92.0,94.0,99.0,93.0,13,12,24,35,32
set(),2.0,11.0,8.0,11.0,8.0,17.0,3.0,16.0,18.0,7.0,13.0,17.0,14,1,17,3,5
"{Commuter(unique_id=304244741374041682708559901061712798852, geometry=POINT (13460404.310132548 3637228.6379647665), status=home, }",27.0,18.0,17.0,10.0,29.0,26.0,21.0,29.0,25.0,26.0,18.0,25.0,17,12,16,12,0
"{Commuter(unique_id=185007460410333004384621546857043892697, geometry=POINT (13460397.015381493 3637152.470660293), status=home, , Commuter(unique_id=261004698982200592715858389715955316472, geometry=POINT (13460397.015381493 3637152.470660293), status=home, }",35.0,28.0,38.0,32.0,20.0,22.0,0.0,2.0,5.0,13.0,5.0,5.0,13,7,8,25,24
set(),4.0,18.0,7.0,5.0,11.0,0.0,18.0,1.0,19.0,13.0,1.0,16.0,17,15,0,4,13
"{Commuter(unique_id=88855799688471841722050109843521186248, geometry=POINT (13460508.382231709 3637130.434298466), status=home, , Commuter(unique_id=142706455559295247655855210816306996875, geometry=POINT (13460508.382231709 3637130.434298466), status=home, , Commuter(unique_id=148931385024897178994028836033274941119, geometry=POINT (13460508.382231709 3637130.434298466), status=home, , Commuter(unique_id=339804950904752013088561342417014568035, geometry=POINT (13460508.382231709 3637130.434298466), status=home, }",40.0,51.0,42.0,49.0,43.0,47.0,96.0,98.0,103.0,100.0,90.0,93.0,17,1,11,6,19
"{Commuter(unique_id=263995295989892652650998421285610478759, geometry=POINT (13460449.665294256 3637203.338264164), status=home, }",24.0,28.0,11.0,19.0,15.0,20.0,22.0,19.0,18.0,20.0,8.0,16.0,17,1,0,9,19
"{Commuter(unique_id=102687511443540980022526751741666270863, geometry=POINT (13460513.179512361 3637177.8214863744), status=home, }",13.0,22.0,21.0,27.0,23.0,11.0,4.0,13.0,12.0,15.0,11.0,14.0,15,8,18,7,15
"{Commuter(unique_id=29134464701053850202594212463122308695, geometry=POINT (13460557.828194954 3637169.0983986063), status=home, }",16.0,36.0,27.0,29.0,34.0,27.0,28.0,20.0,17.0,15.0,21.0,18.0,23,31,22,24,18
set(),11.0,19.0,12.0,1.0,0.0,15.0,17.0,5.0,0.0,3.0,11.0,13.0,4,18,15,0,9
set(),14.0,12.0,15.0,3.0,16.0,0.0,0.0,1.0,15.0,11.0,8.0,7.0,15,0,10,6,10
set(),4.0,5.0,13.0,13.0,9.0,10.0,9.0,7.0,12.0,13.0,12.0,14.0,1,4,3,5,0
set(),6.0,13.0,0.0,1.0,5.0,9.0,13.0,0.0,5.0,11.0,11.0,1.0,8,13,14,16,0
set(),4.0,9.0,13.0,18.0,1.0,1.0,6.0,9.0,0.0,9.0,13.0,17.0,12,19,6,4,9
set(),10.0,19.0,13.0,4.0,7.0,10.0,2.0,17.0,17.0,8.0,19.0,8.0,15,0,13,13,0
set(),19.0,3.0,9.0,11.0,6.0,3.0,12.0,8.0,1.0,19.0,11.0,4.0,2,15,10,4,3
set(),0.0,17.0,10.0,12.0,15.0,18.0,16.0,19.0,3.0,6.0,11.0,12.0,15,14,14,18,4
set(),3.0,19.0,5.0,10.0,19.0,15.0,11.0,8.0,8.0,16.0,0.0,0.0,12,9,14,7,15
"{Commuter(unique_id=196784411340864498988364406890130883979, geometry=POINT (13460443.981094696 3637311.5082183713), status=home, , Commuter(unique_id=154075268231622204381480938300485474288, geometry=POINT (13460443.981094696 3637311.5082183713), status=home, , Commuter(unique_id=244912119921271931809228952513596671763, geometry=POINT (13460443.981094696 3637311.5082183713), status=home, }",37.0,47.0,10.0,14.0,19.0,28.0,2.0,19.0,2.0,11.0,0.0,9.0,3,11,4,9,8
set(),7.0,13.0,10.0,12.0,10.0,13.0,15.0,5.0,12.0,15.0,1.0,14.0,7,12,12,16,16
set(),4.0,14.0,2.0,8.0,5.0,7.0,18.0,6.0,5.0,5.0,9.0,15.0,11,10,4,0,12
set(),15.0,15.0,6.0,18.0,13.0,11.0,8.0,16.0,2.0,4.0,3.0,18.0,0,0,13,14,13
set(),2.0,9.0,0.0,6.0,0.0,18.0,17.0,2.0,3.0,1.0,4.0,16.0,22,23,10,15,7
set(),18.0,3.0,11.0,14.0,15.0,2.0,10.0,15.0,17.0,3.0,4.0,16.0,14,5,1,10,16
set(),3.0,2.0,0.0,3.0,10.0,1.0,3.0,1.0,5.0,15.0,12.0,3.0,13,16,11,9,12
set(),15.0,0.0,4.0,17.0,0.0,4.0,16.0,4.0,4.0,18.0,2.0,0.0,9,10,7,11,14
,,,,,,,,,,,,,13,16,15,19,2
,,,,,,,,,,,,,6,15,0,13,13
,,,,,,,,,,,,,7,11,14,6,16
,,,,,,,,,,,,,6,13,17,18,12
,,,,,,,,,,,,,3,19,0,4,14
,,,,,,,,,,,,,8,11,12,15,1
,,,,,,,,,,,,,16,17,9,16,19
,,,,,,,,,,,,,18,6,9,2,7
,,,,,,,,,,,,,6,2,12,16,9
,,,,,,,,,,,,,10,18,7,10,4
,,,,,,,,,,,,,4,15,13,7,0
,,,,,,,,,,,,,16,12,5,14,10
,,,,,,,,,,,,,4,9,3,18,11
,,,,,,,,,,,,,10,18,16,14,12
,,,,,,,,,,,,,10,8,3,15,10
