pop,pop.1,pop.2,pop.3,pop.4,pop.5,pop.6,pop.7,pop.8,pop.9,pop.10,pop.11,pop.12,pop.13,pop.14,pop.15,pop.16,pop.17,pop.18,pop.19,pop.20,pop
set(),5.0,2.0,7.0,9.0,19.0,7.0,18.0,0.0,7.0,2.0,10.0,0.0,18.0,16.0,3,0,3,19,9,6,12
set(),17.0,4.0,6.0,0.0,8.0,0.0,16.0,8.0,17.0,8.0,19.0,1.0,1.0,11.0,6,13,6,3,19,19,14
"{Commuter(unique_id=69875298747382016740382888212945811512, geometry=POINT (13460976.249127787 3638260.712350638), status=home, , Commuter(unique_id=181839023257102479190317296863243632299, geometry=POINT (13460976.249127787 3638260.712350638), status=home, , Commuter(unique_id=296862818288053545960829525181183703332, geometry=POINT (13460976.249127787 3638260.712350638), status=home, }",6.0,1.0,18.0,4.0,1.0,13.0,4.0,12.0,3.0,5.0,12.0,18.0,12.0,5.0,14,13,13,1,18,19,15
"{Commuter(unique_id=169991720657552298325304015227571353978, geometry=POINT (13460185.53444141 3638531.601402859), status=work, , Commuter(unique_id=109262720210284553642875546187492308224, geometry=POINT (13460185.53444141 3638531.601402859), status=work, , Commuter(unique_id=278116434054401133636093610287590841862, geometry=POINT (13460185.53444141 3638531.601402859), status=work, , Commuter(unique_id=98118322752003937489144118360133374805, geometry=POINT (13460185.53444141 3638531.601402859), status=work, , Commuter(unique_id=173512047284038976691059048641442402853, geometry=POINT (13460185.53444141 3638531.601402859), status=work, , Commuter(unique_id=226896423824874740246810360213909504636, geometry=POINT (13460185.53444141 3638531.601402859), status=work, , Commuter(unique_id=297614491277006914402409441456478270914, geometry=POINT (13460185.53444141 3638531.601402859), status=work, , Commuter(unique_id=184436019840949853224297785826668680045, geometry=POINT (13460185.53444141 3638531.601402859), status=work, , Commuter(unique_id=243863846005755785485179503125094007567, geometry=POINT (13460185.53444141 3638531.601402859), status=work, }",14.0,17.0,5.0,15.0,7.0,4.0,14.0,17.0,10.0,19.0,4.0,4.0,7.0,13.0,0,11,19,15,10,7,13
set(),18.0,3.0,5.0,1.0,10.0,14.0,8.0,12.0,4.0,6.0,19.0,0.0,19.0,7.0,15,1,7,3,15,10,11
set(),4.0,13.0,14.0,15.0,15.0,21.0,15.0,14.0,0.0,11.0,19.0,16.0,1.0,11.0,9,5,13,19,9,2,18
"{Commuter(unique_id=18040670438941908689848385658651038334, geometry=POINT (13460161.575920485 3638397.7376659494), status=home, }",5.0,1.0,13.0,15.0,4.0,13.0,13.0,8.0,13.0,12.0,19.0,16.0,14.0,7.0,0,3,8,2,4,7,14
set(),23.0,16.0,11.0,0.0,8.0,10.0,7.0,11.0,6.0,23.0,17.0,17.0,12.0,17.0,0,4,17,3,10,7,16
set(),19.0,8.0,9.0,7.0,14.0,4.0,11.0,16.0,12.0,6.0,14.0,5.0,1.0,5.0,11,1,18,18,22,15,4
"{Commuter(unique_id=215573965680970179812642691914053521250, geometry=POINT (13460173.229630742 3638324.7756836032), status=home, , Commuter(unique_id=333301134080014614393896039996340559458, geometry=POINT (13460173.229630742 3638324.7756836032), status=home, }",6.0,3.0,19.0,4.0,7.0,12.0,6.0,3.0,1.0,7.0,2.0,10.0,9.0,17.0,3,7,8,4,14,0,1
"{Commuter(unique_id=29134464701053850202594212463122308695, geometry=POINT (13460210.844414715 3638325.831615663), status=work, , Commuter(unique_id=299448109069118506658965978811537995763, geometry=POINT (13460210.844414715 3638325.831615663), status=work, }",0.0,8.0,5.0,10.0,15.0,17.0,12.0,10.0,13.0,3.0,14.0,0.0,17.0,7.0,6,1,8,5,6,18,8
set(),12.0,11.0,19.0,16.0,18.0,9.0,17.0,3.0,17.0,13.0,12.0,17.0,4.0,10.0,24,6,8,12,6,13,1
"{Commuter(unique_id=10007970232301090693297569929558557087, geometry=POINT (13460231.798579628 3638376.8932625134), status=activity, , Commuter(unique_id=336893626463076209533201508036903077011, geometry=POINT (13460231.798579628 3638376.8932625134), status=activity, }",25.0,32.0,32.0,19.0,29.0,39.0,9.0,10.0,22.0,29.0,14.0,2.0,6.0,18.0,3,4,12,0,4,0,2
"{Commuter(unique_id=262022813047797104824441807680868066221, geometry=POINT (13460690.13451049 3638426.342469309), status=work, }",8.0,4.0,13.0,17.0,17.0,13.0,0.0,3.0,15.0,16.0,4.0,5.0,17.0,2.0,15,17,1,5,0,15,16
"{Commuter(unique_id=102390721538980400477157839478366630402, geometry=POINT (13460133.135546751 3638332.4244629988), status=home, }",11.0,11.0,3.0,6.0,1.0,17.0,8.0,8.0,12.0,2.0,1.0,0.0,1.0,18.0,16,1,9,0,2,9,7
set(),16.0,11.0,16.0,14.0,18.0,17.0,4.0,22.0,21.0,20.0,21.0,28.0,13.0,29.0,5,7,5,14,18,2,1
set(),1.0,16.0,1.0,10.0,3.0,7.0,2.0,14.0,14.0,15.0,6.0,17.0,12.0,15.0,15,18,10,5,14,2,2
set(),10.0,17.0,19.0,16.0,7.0,13.0,15.0,6.0,5.0,3.0,5.0,16.0,17.0,6.0,9,6,5,1,0,14,14
set(),16.0,5.0,7.0,8.0,10.0,8.0,10.0,10.0,15.0,5.0,2.0,15.0,13.0,5.0,17,11,16,17,19,15,2
set(),5.0,13.0,18.0,15.0,4.0,1.0,13.0,14.0,18.0,1.0,5.0,18.0,19.0,13.0,2,9,12,9,12,19,17
"{Commuter(unique_id=158967708169361389280357763848931425076, geometry=POINT (13460358.862041386 3638198.004183822), status=work, , Commuter(unique_id=135369135782879557449236362904774301484, geometry=POINT (13460358.862041386 3638198.004183822), status=work, , Commuter(unique_id=102687511443540980022526751741666270863, geometry=POINT (13460358.862041386 3638198.004183822), status=work, , Commuter(unique_id=227929647290115507008276087173112885369, geometry=POINT (13460358.862041386 3638198.004183822), status=work, , Commuter(unique_id=274335053175324419653780409872101646251, geometry=POINT (13460358.862041386 3638198.004183822), status=work, , Commuter(unique_id=18467073088155806336824339197730544658, geometry=POINT (13460358.862041386 3638198.004183822), status=work, , Commuter(unique_id=65111689617090187197953226711405258194, geometry=POINT (13460358.862041386 3638198.004183822), status=work, , Commuter(unique_id=150769576701069383572105056781672529705, geometry=POINT (13460358.862041386 3638198.004183822), status=work, , Commuter(unique_id=304442150305887945388363519620620826514, geometry=POINT (13460358.862041386 3638198.004183822), status=work, , Commuter(unique_id=74787303985547000435872707168363501079, geometry=POINT (13460358.862041386 3638198.004183822), status=work, , Commuter(unique_id=317387157422311985320272361808928120155, geometry=POINT (13460358.862041386 3638198.004183822), status=work, , Commuter(unique_id=144418767780291888973482919341357813059, geometry=POINT (13460358.862041386 3638198.004183822), status=work, , Commuter(unique_id=74372023779494081499912290063497674609, geometry=POINT (13460358.862041386 3638198.004183822), status=work, , Commuter(unique_id=338215220492596472120189618817908612093, geometry=POINT (13460358.862041386 3638198.004183822), status=work, , Commuter(unique_id=214392068494272820606805456432640190564, geometry=POINT (13460358.862041386 3638198.004183822), status=work, , Commuter(unique_id=188369855428111225763905476633365663888, geometry=POINT (13460358.862041386 3638198.004183822), status=work, , Commuter(unique_id=34196391877583981477941022314529722424, geometry=POINT (13460358.862041386 3638198.004183822), status=work, , Commuter(unique_id=26508522249206596829732133358249163699, geometry=POINT (13460358.862041386 3638198.004183822), status=work, , Commuter(unique_id=40210553191534087155156028618289170018, geometry=POINT (13460358.862041386 3638198.004183822), status=work, , Commuter(unique_id=7711524047989414811985218229472550317, geometry=POINT (13460358.862041386 3638198.004183822), status=work, }",1.0,6.0,5.0,5.0,17.0,3.0,15.0,1.0,7.0,10.0,17.0,4.0,3.0,10.0,19,5,3,8,17,5,3
"{Commuter(unique_id=248802246656365975469380051997101906302, geometry=POINT (13460116.92415003 3638269.447165153), status=work, , Commuter(unique_id=291838335550346061261512819731780129358, geometry=POINT (13460116.92415003 3638269.447165153), status=work, }",0.0,3.0,10.0,6.0,17.0,19.0,7.0,10.0,3.0,13.0,17.0,14.0,12.0,5.0,6,15,14,13,1,12,13
set(),19.0,10.0,13.0,11.0,0.0,14.0,0.0,12.0,20.0,4.0,16.0,24.0,24.0,37.0,7,18,9,7,15,16,11
set(),1.0,10.0,11.0,16.0,0.0,1.0,16.0,14.0,3.0,11.0,13.0,11.0,7.0,0.0,11,13,8,12,15,15,11
"{Commuter(unique_id=98034174429038340093492449756323119026, geometry=POINT (13460209.874614857 3638272.824727712), status=activity, }",2.0,11.0,10.0,15.0,33.0,23.0,8.0,15.0,14.0,18.0,7.0,17.0,13.0,2.0,16,12,16,12,17,5,1
set(),0.0,8.0,2.0,14.0,1.0,6.0,2.0,14.0,4.0,10.0,9.0,16.0,14.0,2.0,2,10,18,16,9,16,9
set(),7.0,12.0,8.0,8.0,18.0,16.0,1.0,15.0,12.0,6.0,5.0,2.0,6.0,1.0,5,19,17,12,3,4,7
set(),1.0,11.0,8.0,13.0,18.0,11.0,15.0,16.0,8.0,7.0,2.0,17.0,0.0,6.0,17,16,19,12,2,4,16
"{Commuter(unique_id=207311469758754785709399114348883995226, geometry=POINT (13460207.809061423 3638239.4441638906), status=home, }",1.0,18.0,7.0,10.0,10.0,18.0,12.0,3.0,10.0,5.0,19.0,16.0,2.0,9.0,18,12,18,6,16,6,8
set(),11.0,0.0,9.0,5.0,15.0,11.0,18.0,7.0,13.0,11.0,19.0,4.0,8.0,10.0,1,2,3,11,6,14,17
set(),1.0,19.0,0.0,10.0,6.0,1.0,8.0,0.0,17.0,16.0,9.0,7.0,2.0,14.0,27,11,10,18,27,5,18
set(),8.0,8.0,6.0,7.0,4.0,0.0,0.0,8.0,1.0,15.0,15.0,17.0,6.0,14.0,19,5,17,0,11,19,10
set(),9.0,2.0,15.0,9.0,8.0,2.0,2.0,7.0,6.0,16.0,10.0,5.0,0.0,15.0,15,3,14,3,5,15,18
"{Commuter(unique_id=189696423117601894558840597994082349567, geometry=POINT (13460163.464889046 3638184.673142933), status=home, }",7.0,6.0,10.0,12.0,13.0,16.0,4.0,3.0,8.0,18.0,10.0,4.0,10.0,1.0,9,16,18,17,19,11,13
set(),13.0,17.0,10.0,18.0,0.0,4.0,5.0,15.0,19.0,3.0,14.0,6.0,3.0,8.0,19,19,13,9,13,16,13
set(),0.0,17.0,1.0,0.0,2.0,0.0,16.0,14.0,2.0,18.0,24.0,9.0,6.0,13.0,13,8,0,4,4,3,18
"{Commuter(unique_id=106589770127519856561873937125076054381, geometry=POINT (13460207.412834765 3638110.379268356), status=activity, , Commuter(unique_id=51871939669756980989938746309840670332, geometry=POINT (13460207.412834765 3638110.379268356), status=work, }",12.0,20.0,10.0,10.0,30.0,21.0,17.0,8.0,19.0,10.0,28.0,28.0,22.0,28.0,18,22,12,2,2,3,27
set(),9.0,15.0,2.0,10.0,4.0,7.0,17.0,1.0,9.0,4.0,8.0,2.0,17.0,8.0,3,16,4,11,17,13,10
"{Commuter(unique_id=205876704650440650977974777479351887257, geometry=POINT (13460162.248341678 3638126.2960870843), status=home, }",4.0,13.0,3.0,2.0,0.0,10.0,18.0,8.0,17.0,9.0,8.0,1.0,15.0,0.0,0,4,13,1,5,19,16
"{Commuter(unique_id=93397992705452359105055887205879955673, geometry=POINT (13460184.640980009 3638056.7197476686), status=home, }",14.0,4.0,18.0,12.0,6.0,14.0,14.0,11.0,3.0,5.0,3.0,12.0,13.0,16.0,18,5,6,12,16,1,5
"{Commuter(unique_id=79362248657943319243613789513538785732, geometry=POINT (13460215.548944982 3638017.931171399), status=work, }",25.0,21.0,18.0,13.0,40.0,35.0,15.0,15.0,30.0,37.0,34.0,28.0,11.0,62.0,5,11,8,4,11,2,5
"{Commuter(unique_id=74932753965460903201087079021493119582, geometry=POINT (13460160.345557848 3638006.844850598), status=home, , Commuter(unique_id=291135751318553822514511039468829422808, geometry=POINT (13460160.345557848 3638006.844850598), status=home, , Commuter(unique_id=130778773257172314633272894570145448315, geometry=POINT (13460160.345557848 3638006.844850598), status=home, }",4.0,4.0,16.0,18.0,11.0,11.0,9.0,8.0,2.0,6.0,19.0,17.0,14.0,17.0,18,11,34,16,19,14,2
set(),5.0,6.0,10.0,0.0,16.0,4.0,2.0,8.0,6.0,2.0,1.0,5.0,3.0,11.0,10,16,9,1,15,19,11
"{Commuter(unique_id=129871451697311719648580429029945550128, geometry=POINT (13460087.128641475 3638015.722422741), status=home, }",4.0,3.0,19.0,11.0,7.0,5.0,0.0,6.0,4.0,1.0,3.0,0.0,15.0,9.0,0,1,13,2,5,8,9
"{Commuter(unique_id=305023421040101562995337414933045879508, geometry=POINT (13460153.524973074 3637970.251473302), status=activity, }",28.0,25.0,21.0,0.0,23.0,28.0,16.0,15.0,13.0,19.0,15.0,18.0,31.0,20.0,8,10,2,0,18,19,1
set(),15.0,3.0,1.0,6.0,12.0,15.0,11.0,15.0,7.0,11.0,11.0,16.0,5.0,15.0,19,8,24,4,22,14,8
set(),11.0,7.0,12.0,8.0,5.0,19.0,6.0,5.0,0.0,15.0,10.0,6.0,12.0,11.0,18,2,19,11,17,7,3
set(),18.0,3.0,3.0,10.0,16.0,8.0,2.0,17.0,8.0,15.0,7.0,3.0,8.0,19.0,4,0,18,16,2,13,3
"{Commuter(unique_id=206683285810722897572842779265082461088, geometry=POINT (13460926.834132425 3638072.109354574), status=work, }",1.0,3.0,13.0,4.0,18.0,9.0,0.0,12.0,18.0,14.0,3.0,8.0,18.0,9.0,10,3,2,12,1,10,12
"{Commuter(unique_id=179816883359376398750728769170734890442, geometry=POINT (13460973.82754121 3638047.631000686), status=activity, , Commuter(unique_id=306434399629473651507875173947442850419, geometry=POINT (13460973.82754121 3638047.631000686), status=activity, }",47.0,39.0,34.0,37.0,46.0,55.0,6.0,31.0,12.0,15.0,12.0,10.0,19.0,18.0,18,2,11,10,9,11,15
"{Commuter(unique_id=128605483822205326241517641490571985678, geometry=POINT (13460937.312296135 3637975.0666859155), status=home, }",3.0,12.0,1.0,17.0,6.0,19.0,17.0,19.0,18.0,8.0,17.0,1.0,6.0,4.0,9,18,4,9,10,3,9
"{Commuter(unique_id=263766905353659204310026355695649917894, geometry=POINT (13460907.653223097 3637914.2403233135), status=home, }",6.0,5.0,6.0,19.0,17.0,10.0,7.0,5.0,9.0,2.0,16.0,6.0,16.0,1.0,3,7,1,19,7,18,15
set(),26.0,39.0,34.0,27.0,57.0,49.0,11.0,3.0,38.0,35.0,38.0,4.0,28.0,41.0,29,1,10,6,18,6,12
set(),8.0,17.0,18.0,8.0,16.0,6.0,8.0,11.0,14.0,3.0,18.0,0.0,3.0,14.0,10,2,15,16,19,16,9
set(),9.0,6.0,3.0,7.0,3.0,1.0,3.0,13.0,3.0,11.0,17.0,3.0,2.0,7.0,1,4,18,8,17,19,12
"{Commuter(unique_id=226483425661755834632593927890224022563, geometry=POINT (13460603.088966671 3638036.2713141995), status=home, }",1.0,2.0,1.0,12.0,3.0,16.0,11.0,1.0,6.0,10.0,12.0,14.0,7.0,9.0,6,16,14,7,15,18,8
"{Commuter(unique_id=207394818273522573324380309174681011558, geometry=POINT (13460782.530811153 3637991.2342416653), status=home, , Commuter(unique_id=333962033798046778966594514686705006822, geometry=POINT (13460782.530811153 3637991.2342416653), status=home, , Commuter(unique_id=168055927392665613052059427464208680081, geometry=POINT (13460782.530811153 3637991.2342416653), status=home, }",5.0,11.0,3.0,16.0,6.0,8.0,9.0,13.0,13.0,2.0,11.0,1.0,8.0,5.0,0,19,12,13,18,7,9
"{Commuter(unique_id=101882335075536725510129089126853732829, geometry=POINT (13460827.143003648 3637953.73175993), status=home, }",2.0,17.0,5.0,18.0,3.0,4.0,19.0,14.0,11.0,13.0,7.0,5.0,1.0,5.0,10,6,14,18,15,18,13
"{Commuter(unique_id=56478313803394890945733698358170124938, geometry=POINT (13460719.188157825 3637967.51168749), status=home, , Commuter(unique_id=244217389025887008148300769164359266815, geometry=POINT (13460719.188157825 3637967.51168749), status=home, , Commuter(unique_id=148546699879585448797881481193046863058, geometry=POINT (13460719.188157825 3637967.51168749), status=home, }",12.0,8.0,18.0,10.0,16.0,5.0,1.0,5.0,12.0,1.0,17.0,11.0,5.0,8.0,1,6,16,5,11,12,8
"{Commuter(unique_id=111822397786661860354809173888958530717, geometry=POINT (13460608.029794458 3638001.1545143714), status=home, }",3.0,4.0,6.0,2.0,9.0,18.0,16.0,19.0,15.0,5.0,4.0,1.0,2.0,16.0,4,6,14,0,12,1,10
"{Commuter(unique_id=47796936457205405220263826409243178700, geometry=POINT (13460584.141509403 3637974.5582940653), status=home, }",11.0,13.0,9.0,15.0,5.0,19.0,16.0,3.0,3.0,12.0,9.0,19.0,9.0,9.0,14,0,13,11,4,5,0
"{Commuter(unique_id=34104627888608519896988947301204669701, geometry=POINT (13460621.41367319 3637975.8003964815), status=home, , Commuter(unique_id=50071109952262224720224107848706252803, geometry=POINT (13460621.41367319 3637975.8003964815), status=home, }",1.0,19.0,13.0,12.0,14.0,4.0,19.0,2.0,10.0,19.0,0.0,7.0,15.0,9.0,10,11,16,4,6,4,2
set(),2.0,14.0,19.0,12.0,15.0,18.0,0.0,13.0,15.0,7.0,19.0,14.0,7.0,1.0,6,18,14,11,11,1,9
set(),12.0,3.0,12.0,17.0,1.0,8.0,2.0,11.0,19.0,9.0,0.0,5.0,19.0,5.0,16,19,14,9,18,4,6
set(),6.0,10.0,0.0,6.0,5.0,17.0,8.0,10.0,7.0,10.0,7.0,11.0,3.0,16.0,15,3,10,15,5,6,10
set(),11.0,10.0,7.0,8.0,17.0,2.0,9.0,1.0,12.0,0.0,15.0,9.0,1.0,18.0,8,1,9,17,13,18,8
set(),16.0,0.0,6.0,6.0,6.0,4.0,1.0,4.0,6.0,6.0,14.0,2.0,15.0,12.0,13,38,12,13,16,11,28
set(),7.0,15.0,6.0,15.0,0.0,0.0,12.0,10.0,4.0,5.0,19.0,7.0,6.0,7.0,8,21,6,19,15,11,1
"{Commuter(unique_id=229563873880819489980696241829478996342, geometry=POINT (13460660.954733945 3637949.518278644), status=activity, }",9.0,21.0,19.0,4.0,0.0,2.0,3.0,22.0,13.0,35.0,21.0,21.0,26.0,23.0,17,16,17,1,17,5,17
"{Commuter(unique_id=180482446922449735942622201936720206910, geometry=POINT (13460552.931279574 3637963.5488255345), status=activity, }",35.0,2.0,22.0,22.0,22.0,20.0,28.0,1.0,19.0,10.0,16.0,22.0,27.0,26.0,2,12,8,18,11,6,11
set(),11.0,12.0,2.0,16.0,22.0,26.0,19.0,14.0,2.0,16.0,19.0,11.0,15.0,17.0,1,3,4,9,3,2,0
set(),15.0,13.0,14.0,15.0,2.0,12.0,15.0,4.0,16.0,14.0,3.0,5.0,17.0,7.0,18,5,18,11,8,2,1
set(),14.0,5.0,13.0,9.0,11.0,0.0,4.0,6.0,16.0,18.0,4.0,9.0,4.0,6.0,16,23,15,24,12,6,6
set(),1.0,19.0,4.0,1.0,17.0,12.0,6.0,2.0,0.0,7.0,15.0,18.0,5.0,14.0,18,2,3,2,2,12,10
set(),0.0,8.0,9.0,6.0,19.0,1.0,0.0,1.0,0.0,11.0,12.0,12.0,16.0,11.0,2,10,17,8,16,19,10
"{Commuter(unique_id=318729696602803022629692500119353059072, geometry=POINT (13460253.644574273 3638145.131431558), status=work, }",11.0,15.0,13.0,9.0,16.0,15.0,15.0,33.0,28.0,33.0,39.0,30.0,49.0,48.0,17,9,0,9,15,15,2
"{Commuter(unique_id=29729928041523995677027886181113641304, geometry=POINT (13460288.467937712 3638140.245600896), status=home, , Commuter(unique_id=227513091066012833339195975642210933127, geometry=POINT (13460288.467937712 3638140.245600896), status=home, , Commuter(unique_id=191940559802362523823629476628879218697, geometry=POINT (13460288.467937712 3638140.245600896), status=home, , Commuter(unique_id=74188503108873654277551117605693863132, geometry=POINT (13460288.467937712 3638140.245600896), status=home, , Commuter(unique_id=113959864034183032537556965273464388531, geometry=POINT (13460288.467937712 3638140.245600896), status=home, }",4.0,9.0,2.0,17.0,5.0,18.0,1.0,17.0,1.0,15.0,11.0,0.0,12.0,0.0,11,13,5,0,12,16,19
set(),4.0,15.0,10.0,16.0,16.0,18.0,8.0,2.0,11.0,5.0,3.0,4.0,9.0,9.0,13,14,7,2,3,2,2
"{Commuter(unique_id=24270692093030957996291824594369705432, geometry=POINT (13460270.740781289 3638063.673344879), status=home, , Commuter(unique_id=179338412278026418381268721780451114214, geometry=POINT (13460270.740781289 3638063.673344879), status=home, }",13.0,1.0,2.0,17.0,2.0,7.0,16.0,11.0,6.0,19.0,14.0,11.0,4.0,0.0,12,2,19,8,16,2,6
"{Commuter(unique_id=178537873427640109399111892747225830220, geometry=POINT (13460297.125211194 3638058.2451421693), status=home, }",13.0,3.0,1.0,17.0,14.0,9.0,18.0,9.0,7.0,1.0,19.0,4.0,8.0,10.0,2,7,6,16,13,16,11
set(),10.0,2.0,9.0,1.0,0.0,10.0,6.0,13.0,0.0,5.0,5.0,17.0,17.0,17.0,23,8,0,19,4,12,7
"{Commuter(unique_id=60617234460674562147779003629398036469, geometry=POINT (13460298.048183221 3638007.9656000347), status=home, , Commuter(unique_id=214485856796625014053560430692047341703, geometry=POINT (13460298.048183221 3638007.9656000347), status=home, , Commuter(unique_id=304230854781820282346998519657953881275, geometry=POINT (13460298.048183221 3638007.9656000347), status=home, , Commuter(unique_id=236987567802100026635557451370090749505, geometry=POINT (13460298.048183221 3638007.9656000347), status=home, }",3.0,18.0,8.0,0.0,2.0,11.0,15.0,2.0,1.0,9.0,9.0,13.0,6.0,5.0,8,6,14,17,8,9,6
"{Commuter(unique_id=18433560308087870135343254023666987161, geometry=POINT (13460248.860897949 3638001.810067234), status=work, , Commuter(unique_id=334684729298285759368356492295773600928, geometry=POINT (13460248.860897949 3638001.810067234), status=work, , Commuter(unique_id=63085013975548186163052878064900688954, geometry=POINT (13460248.860897949 3638001.810067234), status=work, , Commuter(unique_id=241579256355108208145936598582221484853, geometry=POINT (13460248.860897949 3638001.810067234), status=activity, , Commuter(unique_id=318233510937899418763028426541181024108, geometry=POINT (13460248.860897949 3638001.810067234), status=work, }",20.0,27.0,20.0,32.0,48.0,54.0,0.0,36.0,8.0,26.0,10.0,0.0,18.0,2.0,14,5,5,19,8,8,1
set(),0.0,29.0,16.0,21.0,17.0,15.0,18.0,4.0,12.0,4.0,5.0,5.0,8.0,17.0,3,12,8,0,10,23,12
set(),3.0,16.0,0.0,4.0,19.0,14.0,1.0,17.0,11.0,3.0,16.0,17.0,5.0,4.0,1,5,9,1,9,15,10
"{Commuter(unique_id=144194236352303257056617291040378015536, geometry=POINT (13460837.380341703 3637780.7514541075), status=work, , Commuter(unique_id=139044032464214842496371659429411680539, geometry=POINT (13460837.380341703 3637780.7514541075), status=work, , Commuter(unique_id=267960009792474429503084427205242354326, geometry=POINT (13460837.380341703 3637780.7514541075), status=work, , Commuter(unique_id=216891217811475272648770250169661032687, geometry=POINT (13460837.380341703 3637780.7514541075), status=work, , Commuter(unique_id=290544286103432316638692758773867125563, geometry=POINT (13460837.380341703 3637780.7514541075), status=work, }",12.0,27.0,2.0,23.0,19.0,13.0,11.0,14.0,8.0,10.0,0.0,15.0,1.0,17.0,3,11,19,3,3,14,17
"{Commuter(unique_id=263028460705462324429205272541746194819, geometry=POINT (13460713.807731353 3637785.5952544715), status=work, , Commuter(unique_id=36237481791127782712698655435235461766, geometry=POINT (13460713.807731353 3637785.5952544715), status=work, , Commuter(unique_id=256326952188248767562706740511846686265, geometry=POINT (13460713.807731353 3637785.5952544715), status=work, , Commuter(unique_id=9532419755031225111192887010687111820, geometry=POINT (13460713.807731353 3637785.5952544715), status=work, , Commuter(unique_id=285636589311425208107626685520906983609, geometry=POINT (13460713.807731353 3637785.5952544715), status=activity, , Commuter(unique_id=47929018440542461466698780193791037513, geometry=POINT (13460713.807731353 3637785.5952544715), status=activity, , Commuter(unique_id=160771964348163377775390804028069328658, geometry=POINT (13460713.807731353 3637785.5952544715), status=activity, , Commuter(unique_id=52925576457554771207407842436562722917, geometry=POINT (13460713.807731353 3637785.5952544715), status=work, , Commuter(unique_id=83908425234541905389757169897770930265, geometry=POINT (13460713.807731353 3637785.5952544715), status=work, , Commuter(unique_id=37169375684729663155598822523653374612, geometry=POINT (13460713.807731353 3637785.5952544715), status=work, , Commuter(unique_id=106923496945889009050967432571830250049, geometry=POINT (13460713.807731353 3637785.5952544715), status=work, }",13.0,22.0,4.0,13.0,18.0,12.0,9.0,6.0,30.0,38.0,32.0,56.0,40.0,67.0,9,10,18,7,18,7,19
"{Commuter(unique_id=149829635176328737671386973871960561159, geometry=POINT (13460775.100992246 3637841.0804072986), status=home, , Commuter(unique_id=35765243959434223220067925014990755028, geometry=POINT (13460775.100992246 3637841.0804072986), status=home, , Commuter(unique_id=137190142803830988043307645861319240736, geometry=POINT (13460775.100992246 3637841.0804072986), status=home, , Commuter(unique_id=231564064831161647515823969949084483079, geometry=POINT (13460775.100992246 3637841.0804072986), status=home, }",16.0,1.0,8.0,12.0,12.0,0.0,10.0,15.0,2.0,8.0,6.0,17.0,16.0,1.0,13,9,7,13,14,17,10
"{Commuter(unique_id=94969010606134427195664888931761332308, geometry=POINT (13460663.633258052 3637833.127571519), status=home, , Commuter(unique_id=224817978574208545719271126715186274914, geometry=POINT (13460663.633258052 3637833.127571519), status=home, , Commuter(unique_id=63117596812588842274205798030924433529, geometry=POINT (13460663.633258052 3637833.127571519), status=home, }",7.0,14.0,8.0,9.0,18.0,1.0,4.0,2.0,16.0,3.0,14.0,1.0,2.0,8.0,4,9,17,10,15,9,18
"{Commuter(unique_id=333779283919726444369254411151618439066, geometry=POINT (13460583.560997427 3637933.7749292944), status=activity, }",24.0,25.0,11.0,28.0,36.0,22.0,19.0,26.0,1.0,15.0,17.0,6.0,12.0,12.0,5,10,15,4,19,7,13
set(),7.0,4.0,17.0,8.0,3.0,4.0,13.0,19.0,4.0,4.0,9.0,18.0,4.0,11.0,29,8,19,12,8,7,18
"{Commuter(unique_id=71551616048840918279287407590852979246, geometry=POINT (13460626.123681325 3637891.255238214), status=home, , Commuter(unique_id=143825525903363120896790158689809774040, geometry=POINT (13460626.123681325 3637891.255238214), status=home, , Commuter(unique_id=336293101734129967868432705054661819173, geometry=POINT (13460626.123681325 3637891.255238214), status=home, , Commuter(unique_id=283740416947510593490693231046674747409, geometry=POINT (13460626.123681325 3637891.255238214), status=home, }",2.0,0.0,16.0,2.0,8.0,5.0,4.0,12.0,19.0,12.0,7.0,10.0,8.0,1.0,2,15,15,3,11,1,5
set(),13.0,2.0,10.0,0.0,4.0,8.0,0.0,19.0,1.0,6.0,18.0,0.0,12.0,12.0,0,4,9,2,9,7,17
set(),7.0,5.0,11.0,14.0,9.0,16.0,16.0,0.0,4.0,13.0,7.0,17.0,13.0,2.0,6,8,15,7,8,17,15
"{Commuter(unique_id=238933218642009942153830187240080730257, geometry=POINT (13460543.813169297 3637847.9484145474), status=home, }",1.0,4.0,12.0,10.0,6.0,16.0,1.0,1.0,18.0,6.0,2.0,15.0,10.0,5.0,11,11,12,17,16,4,13
"{Commuter(unique_id=276487378296939710632102631715774227219, geometry=POINT (13460521.023986742 3637892.2483618027), status=home, }",13.0,10.0,13.0,18.0,2.0,2.0,9.0,2.0,16.0,0.0,10.0,5.0,4.0,19.0,10,9,5,2,1,16,17
set(),32.0,16.0,29.0,25.0,0.0,2.0,18.0,23.0,12.0,9.0,14.0,14.0,15.0,12.0,0,0,15,3,10,12,8
set(),16.0,2.0,10.0,17.0,12.0,17.0,2.0,3.0,0.0,17.0,18.0,14.0,17.0,6.0,11,6,11,2,15,4,4
set(),13.0,2.0,0.0,5.0,13.0,16.0,5.0,13.0,1.0,13.0,9.0,18.0,17.0,10.0,8,20,13,28,13,12,15
"{Commuter(unique_id=12799332841391504044651570191423013642, geometry=POINT (13460397.748110317 3637867.6149531933), status=work, }",13.0,9.0,6.0,14.0,5.0,8.0,1.0,1.0,17.0,6.0,1.0,4.0,0.0,5.0,19,5,8,4,12,9,19
set(),17.0,12.0,5.0,0.0,6.0,19.0,3.0,3.0,7.0,10.0,3.0,14.0,5.0,11.0,6,9,3,19,28,13,1
"{Commuter(unique_id=69185218006683560195472628168316061203, geometry=POINT (13460334.767047973 3637905.0051228744), status=work, , Commuter(unique_id=150806596446716608884777052483818018986, geometry=POINT (13460334.767047973 3637905.0051228744), status=work, , Commuter(unique_id=237298597829932715501464637145058860359, geometry=POINT (13460334.767047973 3637905.0051228744), status=work, }",2.0,11.0,6.0,16.0,15.0,10.0,10.0,0.0,15.0,14.0,14.0,16.0,5.0,8.0,3,2,13,18,6,4,4
"{Commuter(unique_id=86255511772763329964372724618874004347, geometry=POINT (13460318.274298454 3637875.2128178827), status=work, , Commuter(unique_id=127932431176919456311302786130646328984, geometry=POINT (13460318.274298454 3637875.2128178827), status=work, }",12.0,13.0,10.0,9.0,8.0,4.0,2.0,0.0,16.0,8.0,2.0,16.0,17.0,9.0,3,15,4,3,14,18,12
"{Commuter(unique_id=177991719745660521918710989040214674299, geometry=POINT (13460255.893928872 3637920.931512582), status=work, }",8.0,13.0,16.0,13.0,12.0,0.0,13.0,8.0,10.0,4.0,13.0,3.0,7.0,16.0,4,2,13,6,7,11,1
"{Commuter(unique_id=337931565866021267048148793713310680222, geometry=POINT (13460264.006388847 3637878.0276025925), status=work, , Commuter(unique_id=9778545378805967743202487275099401319, geometry=POINT (13460264.006388847 3637878.0276025925), status=work, }",8.0,2.0,9.0,16.0,10.0,15.0,1.0,1.0,16.0,1.0,7.0,10.0,6.0,8.0,7,2,6,5,3,0,7
set(),1.0,4.0,7.0,12.0,15.0,17.0,9.0,18.0,4.0,4.0,9.0,13.0,1.0,15.0,1,11,3,15,3,6,2
"{Commuter(unique_id=44274837637367255361946619418513089581, geometry=POINT (13460242.970058862 3637866.8830266106), status=work, , Commuter(unique_id=84606367043836860594172844512493763097, geometry=POINT (13460242.970058862 3637866.8830266106), status=work, , Commuter(unique_id=81151799096451861325688075779939172344, geometry=POINT (13460242.970058862 3637866.8830266106), status=work, }",19.0,17.0,13.0,16.0,8.0,8.0,15.0,5.0,2.0,7.0,0.0,19.0,10.0,10.0,9,16,4,2,9,1,9
"{Commuter(unique_id=182042732069926202280529607622666550466, geometry=POINT (13460195.687848717 3637894.391925864), status=work, }",11.0,16.0,8.0,3.0,2.0,3.0,17.0,19.0,15.0,3.0,12.0,24.0,25.0,28.0,14,13,17,10,12,1,8
"{Commuter(unique_id=197954193434821633550930103889390729563, geometry=POINT (13460150.964988157 3637892.330339824), status=home, }",1.0,18.0,11.0,4.0,19.0,12.0,5.0,19.0,18.0,19.0,13.0,6.0,18.0,6.0,5,14,10,1,13,16,19
set(),8.0,7.0,4.0,9.0,2.0,16.0,14.0,14.0,12.0,1.0,16.0,8.0,19.0,2.0,8,16,8,7,11,9,11
"{Commuter(unique_id=156006222248277929751478428919246798114, geometry=POINT (13460092.867207492 3637888.3971949876), status=home, }",2.0,19.0,3.0,17.0,5.0,12.0,3.0,18.0,17.0,1.0,2.0,16.0,3.0,0.0,9,8,10,17,16,16,3
"{Commuter(unique_id=253080510201562566900675391825029384262, geometry=POINT (13460237.340100167 3637909.4440039615), status=work, , Commuter(unique_id=139227345988113788836281206618625343292, geometry=POINT (13460237.340100167 3637909.4440039615), status=work, }",18.0,14.0,14.0,17.0,3.0,15.0,3.0,5.0,18.0,9.0,11.0,4.0,18.0,18.0,8,13,18,10,10,5,18
set(),0.0,17.0,3.0,1.0,17.0,16.0,12.0,5.0,19.0,19.0,2.0,19.0,14.0,12.0,13,10,11,6,8,12,2
"{Commuter(unique_id=258687556349984792617237439746878034662, geometry=POINT (13460074.807952603 3637867.104499414), status=work, }",12.0,14.0,4.0,19.0,17.0,11.0,15.0,4.0,4.0,15.0,16.0,4.0,6.0,19.0,7,19,17,10,2,16,7
"{Commuter(unique_id=147096434514372900012019923951708235823, geometry=POINT (13460748.317144698 3637653.2175488947), status=home, , Commuter(unique_id=283556682861356285746896577985466968642, geometry=POINT (13460748.317144698 3637653.2175488947), status=home, , Commuter(unique_id=151419201277209400867519807567649411212, geometry=POINT (13460748.317144698 3637653.2175488947), status=home, , Commuter(unique_id=80932146060821296090234246810090254335, geometry=POINT (13460748.317144698 3637653.2175488947), status=home, , Commuter(unique_id=186952698781174116174515850066334237380, geometry=POINT (13460748.317144698 3637653.2175488947), status=home, , Commuter(unique_id=216200878234149440934162766313869523483, geometry=POINT (13460748.317144698 3637653.2175488947), status=home, , Commuter(unique_id=177549712734990223321638506391366897764, geometry=POINT (13460748.317144698 3637653.2175488947), status=home, , Commuter(unique_id=30066931218720908272823301730429754944, geometry=POINT (13460748.317144698 3637653.2175488947), status=home, , Commuter(unique_id=266158348571968618775235580604142750017, geometry=POINT (13460748.317144698 3637653.2175488947), status=home, , Commuter(unique_id=148337149166642584318809940260489920065, geometry=POINT (13460748.317144698 3637653.2175488947), status=home, , Commuter(unique_id=67476146911292810211232886775438140214, geometry=POINT (13460748.317144698 3637653.2175488947), status=home, , Commuter(unique_id=278041763449896322858121730676766359505, geometry=POINT (13460748.317144698 3637653.2175488947), status=home, , Commuter(unique_id=275143809619285577332790204664880248346, geometry=POINT (13460748.317144698 3637653.2175488947), status=home, }",15.0,10.0,14.0,17.0,18.0,13.0,13.0,17.0,1.0,5.0,1.0,10.0,3.0,2.0,7,5,0,14,15,4,11
"{Commuter(unique_id=168960489726998631614641447610630613252, geometry=POINT (13460774.935190776 3637727.1370539973), status=activity, , Commuter(unique_id=224154852468601419198047620812091211606, geometry=POINT (13460774.935190776 3637727.1370539973), status=activity, , Commuter(unique_id=117951103075391084821914550720413793512, geometry=POINT (13460774.935190776 3637727.1370539973), status=activity, }",43.0,41.0,31.0,56.0,68.0,75.0,6.0,39.0,33.0,22.0,17.0,25.0,20.0,30.0,19,2,0,19,9,10,5
"{Commuter(unique_id=13695305076026606810230478303981432671, geometry=POINT (13460665.43613991 3637672.6778897983), status=home, , Commuter(unique_id=278652210749969676972981823234526871582, geometry=POINT (13460665.43613991 3637672.6778897983), status=home, , Commuter(unique_id=2185430158496865931241488923686162045, geometry=POINT (13460665.43613991 3637672.6778897983), status=home, , Commuter(unique_id=323781035091675232418933998405784996532, geometry=POINT (13460665.43613991 3637672.6778897983), status=home, }",18.0,12.0,3.0,1.0,11.0,14.0,5.0,1.0,2.0,18.0,19.0,12.0,5.0,14.0,0,14,15,9,3,12,18
"{Commuter(unique_id=233249978727361179522831896836784070646, geometry=POINT (13460676.311286006 3637749.7241612505), status=activity, , Commuter(unique_id=51157805404835312907550485768390381980, geometry=POINT (13460676.311286006 3637749.7241612505), status=work, , Commuter(unique_id=86641608651904741732806683398235991380, geometry=POINT (13460676.311286006 3637749.7241612505), status=work, }",31.0,18.0,16.0,19.0,37.0,24.0,11.0,17.0,2.0,18.0,6.0,2.0,14.0,16.0,4,19,17,11,3,0,18
set(),14.0,12.0,3.0,6.0,7.0,17.0,1.0,7.0,2.0,14.0,12.0,9.0,8.0,4.0,16,8,3,5,9,6,4
"{Commuter(unique_id=303169007599034999193771124634420756637, geometry=POINT (13460672.878938708 3637553.2973768595), status=work, , Commuter(unique_id=214095306707209959974688136551002153496, geometry=POINT (13460672.878938708 3637553.2973768595), status=work, , Commuter(unique_id=158417728255277186179184427051531972875, geometry=POINT (13460672.878938708 3637553.2973768595), status=work, , Commuter(unique_id=244521339319580472064325296934435295395, geometry=POINT (13460672.878938708 3637553.2973768595), status=work, , Commuter(unique_id=230254951749403327356996644982662567275, geometry=POINT (13460672.878938708 3637553.2973768595), status=work, , Commuter(unique_id=196720884259117787603566585883043768113, geometry=POINT (13460672.878938708 3637553.2973768595), status=work, }",3.0,12.0,4.0,16.0,10.0,19.0,18.0,13.0,10.0,4.0,19.0,2.0,16.0,16.0,4,6,3,4,8,8,4
"{Commuter(unique_id=36373298732400492461778698036051058944, geometry=POINT (13460547.112199446 3637564.875941449), status=work, , Commuter(unique_id=41302455279875268853833023055942589132, geometry=POINT (13460547.112199446 3637564.875941449), status=work, }",18.0,3.0,6.0,6.0,13.0,14.0,5.0,0.0,1.0,10.0,6.0,6.0,16.0,8.0,17,8,14,18,1,0,5
"{Commuter(unique_id=119605351884298325111384341908452127159, geometry=POINT (13460522.590842547 3637442.4998325435), status=home, }",4.0,19.0,18.0,11.0,15.0,16.0,13.0,8.0,5.0,19.0,16.0,12.0,15.0,13.0,2,9,8,5,14,17,1
"{Commuter(unique_id=68048737415504693666187816291372548329, geometry=POINT (13460428.071942993 3637729.2229440496), status=work, , Commuter(unique_id=183379848616483485591536672313083583538, geometry=POINT (13460428.071942993 3637729.2229440496), status=work, , Commuter(unique_id=211120799605172161149949531933043248580, geometry=POINT (13460428.071942993 3637729.2229440496), status=work, , Commuter(unique_id=127311133842868323210374699013925693231, geometry=POINT (13460428.071942993 3637729.2229440496), status=work, , Commuter(unique_id=207019200798646060431564230067869541765, geometry=POINT (13460428.071942993 3637729.2229440496), status=work, }",10.0,0.0,8.0,11.0,2.0,0.0,0.0,10.0,8.0,6.0,6.0,12.0,17.0,12.0,10,7,14,6,4,16,13
set(),9.0,8.0,18.0,16.0,11.0,10.0,12.0,18.0,17.0,13.0,3.0,19.0,16.0,15.0,8,15,6,19,4,19,18
"{Commuter(unique_id=92693103239227588531749051189636062114, geometry=POINT (13460471.524817556 3637810.3968234146), status=work, }",12.0,2.0,2.0,7.0,0.0,11.0,15.0,1.0,16.0,0.0,0.0,5.0,5.0,14.0,10,17,9,14,16,6,18
set(),10.0,23.0,14.0,1.0,3.0,17.0,7.0,0.0,8.0,10.0,20.0,20.0,11.0,21.0,8,19,15,8,11,6,8
set(),7.0,1.0,16.0,15.0,0.0,12.0,13.0,6.0,4.0,9.0,8.0,7.0,3.0,10.0,16,13,9,2,29,2,26
set(),18.0,13.0,16.0,6.0,10.0,4.0,6.0,17.0,18.0,8.0,6.0,16.0,2.0,12.0,9,10,5,15,5,5,14
set(),5.0,4.0,16.0,2.0,19.0,4.0,17.0,6.0,13.0,18.0,14.0,4.0,2.0,6.0,10,8,14,18,10,10,9
set(),5.0,8.0,9.0,5.0,10.0,9.0,16.0,19.0,8.0,4.0,18.0,6.0,6.0,17.0,15,15,16,5,16,7,19
set(),17.0,10.0,8.0,18.0,2.0,7.0,14.0,10.0,17.0,7.0,18.0,13.0,18.0,12.0,14,7,18,19,12,14,8
set(),0.0,8.0,14.0,13.0,18.0,2.0,8.0,5.0,5.0,4.0,1.0,9.0,15.0,19.0,11,13,15,0,4,14,4
set(),4.0,4.0,7.0,8.0,6.0,9.0,2.0,5.0,16.0,6.0,7.0,12.0,8.0,0.0,7,16,3,5,18,7,6
"{Commuter(unique_id=164925052900156937439037039331345683424, geometry=POINT (13460509.262736894 3637400.5919631394), status=home, }",13.0,0.0,2.0,17.0,11.0,17.0,17.0,14.0,11.0,18.0,10.0,11.0,10.0,13.0,17,19,19,12,7,19,16
"{Commuter(unique_id=152186905540025773675519414582166106977, geometry=POINT (13460306.949115105 3637847.4483124157), status=work, , Commuter(unique_id=52833350906673520722993384540684391473, geometry=POINT (13460306.949115105 3637847.4483124157), status=work, }",3.0,18.0,2.0,15.0,12.0,10.0,13.0,19.0,11.0,14.0,14.0,1.0,7.0,8.0,0,16,11,7,19,14,11
set(),13.0,2.0,4.0,19.0,18.0,8.0,19.0,3.0,16.0,0.0,15.0,16.0,0.0,14.0,10,3,3,8,5,6,18
"{Commuter(unique_id=5388440624858740070343279786499590681, geometry=POINT (13460287.702960506 3637736.948362342), status=home, , Commuter(unique_id=29012044022905366382122511262982237422, geometry=POINT (13460287.702960506 3637736.948362342), status=home, }",7.0,7.0,7.0,1.0,2.0,1.0,12.0,1.0,17.0,13.0,14.0,18.0,18.0,11.0,10,4,9,12,13,19,10
"{Commuter(unique_id=140153486211247823157379827743474187752, geometry=POINT (13460299.703461902 3637646.501927491), status=home, }",2.0,14.0,17.0,11.0,17.0,2.0,7.0,3.0,2.0,9.0,11.0,15.0,5.0,14.0,0,9,12,6,6,0,2
set(),14.0,5.0,11.0,16.0,11.0,10.0,11.0,3.0,1.0,2.0,8.0,13.0,14.0,19.0,17,15,7,5,18,12,17
set(),15.0,1.0,12.0,12.0,0.0,2.0,4.0,19.0,1.0,13.0,1.0,1.0,3.0,12.0,7,3,14,0,19,13,14
"{Commuter(unique_id=269956716458588546658178443879979386520, geometry=POINT (13460251.58596198 3637774.0463806065), status=work, }",5.0,10.0,18.0,18.0,2.0,8.0,2.0,6.0,17.0,15.0,12.0,14.0,16.0,11.0,12,10,18,14,0,18,17
set(),11.0,10.0,16.0,12.0,16.0,29.0,18.0,4.0,41.0,26.0,10.0,24.0,37.0,36.0,7,7,5,13,10,3,11
"{Commuter(unique_id=336906466618179978045973745121183969331, geometry=POINT (13460258.899579171 3637691.741336109), status=work, , Commuter(unique_id=196784411340864498988364406890130883979, geometry=POINT (13460258.899579171 3637691.741336109), status=work, , Commuter(unique_id=200938427608553220043056988182625801817, geometry=POINT (13460258.899579171 3637691.741336109), status=work, }",18.0,16.0,2.0,18.0,13.0,1.0,1.0,16.0,9.0,0.0,1.0,12.0,19.0,17.0,7,5,18,10,3,8,1
set(),19.0,3.0,18.0,17.0,7.0,6.0,16.0,25.0,17.0,9.0,18.0,8.0,13.0,18.0,19,15,7,4,3,15,0
set(),16.0,6.0,14.0,3.0,19.0,17.0,2.0,0.0,1.0,2.0,2.0,15.0,10.0,11.0,12,9,3,7,17,8,3
set(),11.0,10.0,10.0,3.0,13.0,14.0,8.0,5.0,7.0,17.0,12.0,18.0,12.0,2.0,2,6,4,16,22,5,4
set(),0.0,10.0,16.0,17.0,15.0,3.0,18.0,0.0,1.0,19.0,0.0,0.0,9.0,17.0,14,12,1,11,5,16,18
"{Commuter(unique_id=288725932434394206380507443953408537220, geometry=POINT (13460334.607014837 3637587.185961331), status=work, }",4.0,3.0,1.0,8.0,3.0,10.0,19.0,15.0,10.0,9.0,6.0,1.0,16.0,13.0,18,17,14,5,4,6,19
set(),2.0,13.0,18.0,14.0,15.0,1.0,9.0,8.0,12.0,5.0,16.0,9.0,1.0,1.0,2,10,18,10,4,11,13
set(),8.0,19.0,9.0,1.0,16.0,15.0,19.0,18.0,15.0,11.0,16.0,18.0,28.0,15.0,16,15,4,17,3,17,7
set(),2.0,10.0,10.0,7.0,5.0,14.0,14.0,16.0,2.0,8.0,11.0,16.0,15.0,15.0,10,8,7,3,13,0,7
set(),18.0,7.0,17.0,8.0,13.0,14.0,2.0,2.0,17.0,19.0,11.0,2.0,14.0,18.0,9,11,16,4,6,0,4
set(),18.0,2.0,15.0,13.0,6.0,5.0,19.0,9.0,19.0,19.0,14.0,1.0,15.0,6.0,17,15,4,22,11,8,15
set(),13.0,6.0,13.0,17.0,12.0,15.0,13.0,0.0,6.0,7.0,4.0,19.0,15.0,19.0,11,16,9,13,17,10,16
set(),5.0,13.0,3.0,7.0,10.0,2.0,3.0,4.0,1.0,2.0,13.0,12.0,5.0,2.0,19,13,17,2,14,7,19
set(),7.0,16.0,19.0,8.0,5.0,4.0,18.0,6.0,14.0,14.0,0.0,9.0,8.0,18.0,5,14,0,7,17,0,4
set(),4.0,7.0,4.0,19.0,13.0,13.0,13.0,4.0,16.0,5.0,8.0,5.0,5.0,15.0,13,11,2,14,13,17,10
set(),13.0,8.0,19.0,12.0,12.0,16.0,17.0,6.0,2.0,12.0,6.0,8.0,12.0,19.0,14,5,6,11,4,9,14
set(),15.0,6.0,3.0,6.0,15.0,18.0,12.0,11.0,0.0,8.0,10.0,18.0,11.0,13.0,10,18,5,3,17,14,1
"{Commuter(unique_id=114438666312047858725185116522789710275, geometry=POINT (13460379.013904614 3637482.5794574907), status=home, , Commuter(unique_id=329289115717075427296978321081144002706, geometry=POINT (13460379.013904614 3637482.5794574907), status=home, }",6.0,4.0,5.0,12.0,19.0,18.0,0.0,19.0,17.0,2.0,8.0,8.0,14.0,8.0,18,2,18,0,1,3,8
set(),16.0,18.0,4.0,4.0,6.0,19.0,8.0,9.0,17.0,13.0,15.0,11.0,13.0,18.0,5,3,13,18,8,5,7
set(),10.0,19.0,19.0,18.0,5.0,4.0,13.0,13.0,8.0,0.0,16.0,13.0,14.0,14.0,2,9,11,29,10,6,18
set(),5.0,11.0,15.0,16.0,3.0,19.0,4.0,6.0,10.0,15.0,12.0,2.0,7.0,2.0,2,8,11,0,6,7,8
set(),18.0,24.0,22.0,15.0,17.0,22.0,8.0,12.0,9.0,19.0,15.0,4.0,15.0,11.0,13,19,7,16,12,18,9
set(),6.0,3.0,18.0,0.0,12.0,9.0,14.0,8.0,3.0,13.0,17.0,19.0,17.0,2.0,19,15,7,15,13,3,5
"{Commuter(unique_id=339124846188462012919478087096165105780, geometry=POINT (13460441.955594698 3637417.5013982677), status=home, , Commuter(unique_id=120648707988321650317564711027857523182, geometry=POINT (13460441.955594698 3637417.5013982677), status=home, }",13.0,2.0,9.0,0.0,3.0,19.0,4.0,6.0,16.0,17.0,18.0,9.0,4.0,10.0,12,11,2,9,6,1,7
set(),9.0,17.0,11.0,5.0,1.0,18.0,14.0,18.0,0.0,4.0,19.0,12.0,1.0,1.0,6,5,11,10,2,10,19
set(),16.0,5.0,3.0,15.0,13.0,13.0,12.0,7.0,13.0,17.0,15.0,10.0,19.0,13.0,2,5,11,19,19,3,9
set(),5.0,15.0,13.0,16.0,11.0,5.0,16.0,11.0,8.0,12.0,0.0,4.0,13.0,19.0,3,18,1,6,15,16,18
set(),16.0,1.0,7.0,1.0,6.0,7.0,13.0,12.0,15.0,19.0,17.0,8.0,14.0,2.0,4,0,6,11,5,13,13
"{Commuter(unique_id=39970151385900361051276188615027614970, geometry=POINT (13460204.033175824 3637820.7418799885), status=work, , Commuter(unique_id=265585891233125172719381262513307055511, geometry=POINT (13460204.033175824 3637820.7418799885), status=work, }",0.0,18.0,17.0,18.0,11.0,8.0,6.0,13.0,15.0,17.0,15.0,7.0,0.0,0.0,17,17,4,13,13,0,6
set(),15.0,10.0,9.0,19.0,4.0,17.0,19.0,19.0,12.0,14.0,8.0,3.0,6.0,2.0,21,1,2,16,10,12,12
set(),17.0,2.0,11.0,9.0,6.0,16.0,2.0,7.0,16.0,13.0,0.0,6.0,12.0,0.0,5,16,13,6,1,0,9
"{Commuter(unique_id=207069103683073645760197363124091694732, geometry=POINT (13460083.614994666 3637752.0810808316), status=work, , Commuter(unique_id=63479659093563571827583535641302748437, geometry=POINT (13460083.614994666 3637752.0810808316), status=work, , Commuter(unique_id=174289541497104523044495983259994315423, geometry=POINT (13460083.614994666 3637752.0810808316), status=work, , Commuter(unique_id=305452500279286764138401425041507839579, geometry=POINT (13460083.614994666 3637752.0810808316), status=work, , Commuter(unique_id=321474527254670425482493872112138178082, geometry=POINT (13460083.614994666 3637752.0810808316), status=work, }",9.0,14.0,9.0,15.0,3.0,10.0,1.0,0.0,2.0,19.0,0.0,1.0,8.0,1.0,9,1,5,1,16,1,14
"{Commuter(unique_id=19825192481634693439204449593918176839, geometry=POINT (13460089.093349092 3637820.3343016254), status=work, , Commuter(unique_id=99135295653670062990172112322565463158, geometry=POINT (13460089.093349092 3637820.3343016254), status=work, , Commuter(unique_id=255133832706030839890335878878444927119, geometry=POINT (13460089.093349092 3637820.3343016254), status=activity, }",27.0,17.0,18.0,8.0,14.0,14.0,8.0,9.0,1.0,19.0,15.0,2.0,0.0,15.0,2,17,7,15,16,9,18
"{Commuter(unique_id=233981690831431058043195109422306288157, geometry=POINT (13460117.162510522 3637799.135591964), status=home, }",8.0,18.0,17.0,1.0,12.0,3.0,6.0,6.0,19.0,14.0,16.0,2.0,13.0,3.0,1,14,17,9,0,5,5
"{Commuter(unique_id=289898986885522100654567043680646275948, geometry=POINT (13460162.447357373 3637828.7903384003), status=work, , Commuter(unique_id=310333267364472997631838625356131502893, geometry=POINT (13460162.447357373 3637828.7903384003), status=work, }",0.0,18.0,19.0,25.0,26.0,22.0,17.0,15.0,8.0,4.0,17.0,1.0,3.0,21.0,9,4,16,11,18,4,16
"{Commuter(unique_id=63476783008414906794334359098474158342, geometry=POINT (13460166.967188297 3637786.3217861895), status=home, , Commuter(unique_id=135325102340812285988175473627884996433, geometry=POINT (13460166.967188297 3637786.3217861895), status=home, , Commuter(unique_id=205006287217025706024245831084901269853, geometry=POINT (13460166.967188297 3637786.3217861895), status=home, , Commuter(unique_id=30375161206921498459640605933207457021, geometry=POINT (13460166.967188297 3637786.3217861895), status=home, }",0.0,6.0,5.0,8.0,5.0,14.0,16.0,19.0,4.0,8.0,6.0,6.0,16.0,8.0,19,8,17,9,8,15,0
"{Commuter(unique_id=337378913946674363025944142671437728420, geometry=POINT (13460210.436439527 3637753.3712053215), status=home, }",11.0,18.0,0.0,5.0,4.0,17.0,3.0,7.0,12.0,9.0,12.0,11.0,1.0,11.0,15,16,3,14,2,5,6
set(),2.0,18.0,9.0,16.0,5.0,14.0,14.0,12.0,15.0,24.0,18.0,26.0,32.0,31.0,1,10,15,0,15,15,6
set(),13.0,16.0,4.0,9.0,18.0,17.0,14.0,11.0,13.0,14.0,3.0,11.0,17.0,14.0,18,17,8,14,7,4,3
set(),18.0,8.0,9.0,18.0,15.0,7.0,7.0,1.0,2.0,19.0,3.0,13.0,2.0,16.0,1,1,4,2,19,12,18
"{Commuter(unique_id=148385214707719875614366034479993043693, geometry=POINT (13460245.191346135 3637607.968097256), status=work, }",0.0,15.0,2.0,8.0,6.0,10.0,8.0,10.0,17.0,12.0,16.0,12.0,17.0,9.0,19,9,6,15,13,5,8
"{Commuter(unique_id=50998857618372803563201013463676055158, geometry=POINT (13460077.572281422 3637664.0635029417), status=work, , Commuter(unique_id=281592018251419185672269107143869402606, geometry=POINT (13460077.572281422 3637664.0635029417), status=work, , Commuter(unique_id=37727327286012387650732743096622078713, geometry=POINT (13460077.572281422 3637664.0635029417), status=work, }",6.0,2.0,12.0,10.0,10.0,4.0,8.0,10.0,9.0,7.0,19.0,5.0,12.0,12.0,12,5,1,16,17,16,8
"{Commuter(unique_id=55403727657473793359718287634026150961, geometry=POINT (13460155.040093007 3637662.7792047122), status=home, , Commuter(unique_id=7519593122430105343208597096379726398, geometry=POINT (13460155.040093007 3637662.7792047122), status=home, , Commuter(unique_id=13898632749551101439173544033331539020, geometry=POINT (13460155.040093007 3637662.7792047122), status=home, }",1.0,4.0,3.0,12.0,11.0,11.0,15.0,4.0,7.0,8.0,2.0,13.0,9.0,5.0,11,11,15,10,0,16,17
"{Commuter(unique_id=287203930399329264134770148682074680384, geometry=POINT (13460128.613511015 3637523.490886847), status=work, , Commuter(unique_id=17431654973762972088464758292264287531, geometry=POINT (13460128.613511015 3637523.490886847), status=work, , Commuter(unique_id=148548123692943957148872819548786532944, geometry=POINT (13460128.613511015 3637523.490886847), status=work, , Commuter(unique_id=11479588248325295935022574664452042924, geometry=POINT (13460128.613511015 3637523.490886847), status=work, , Commuter(unique_id=100153735407235936297655092125969621706, geometry=POINT (13460128.613511015 3637523.490886847), status=work, , Commuter(unique_id=14376974732927403352053746205263843323, geometry=POINT (13460128.613511015 3637523.490886847), status=work, , Commuter(unique_id=129410284331073998680160990573917298850, geometry=POINT (13460128.613511015 3637523.490886847), status=work, , Commuter(unique_id=77800980837879168540519130660676073329, geometry=POINT (13460128.613511015 3637523.490886847), status=work, , Commuter(unique_id=155937406071526210333967350376560364009, geometry=POINT (13460128.613511015 3637523.490886847), status=work, , Commuter(unique_id=61309702584700237696181640650416148588, geometry=POINT (13460128.613511015 3637523.490886847), status=work, , Commuter(unique_id=18697509632812863690521335850557740941, geometry=POINT (13460128.613511015 3637523.490886847), status=work, }",18.0,10.0,4.0,16.0,18.0,1.0,11.0,0.0,9.0,6.0,1.0,4.0,5.0,6.0,1,9,6,15,2,7,13
"{Commuter(unique_id=238921055106314981759963484612360375809, geometry=POINT (13460214.411290213 3637676.9458408416), status=work, , Commuter(unique_id=331576008571613617647925783765847349685, geometry=POINT (13460214.411290213 3637676.9458408416), status=work, }",11.0,16.0,4.0,15.0,25.0,22.0,8.0,13.0,12.0,0.0,17.0,10.0,10.0,13.0,17,12,0,10,13,15,14
set(),13.0,11.0,20.0,25.0,20.0,38.0,19.0,18.0,38.0,17.0,29.0,20.0,19.0,19.0,17,13,9,10,7,7,5
"{Commuter(unique_id=197492227953990813273741327828341735935, geometry=POINT (13460194.060426142 3637591.4223002777), status=home, }",7.0,2.0,14.0,3.0,17.0,12.0,7.0,12.0,4.0,12.0,0.0,14.0,3.0,5.0,1,8,19,1,14,7,15
"{Commuter(unique_id=233183728432735830730618766049292523230, geometry=POINT (13460245.640716974 3637364.926184454), status=work, , Commuter(unique_id=133430537180620611209319653375123418521, geometry=POINT (13460245.640716974 3637364.926184454), status=work, , Commuter(unique_id=107641027111853777107552751932141959500, geometry=POINT (13460245.640716974 3637364.926184454), status=work, , Commuter(unique_id=302097987802422896115555263790801334100, geometry=POINT (13460245.640716974 3637364.926184454), status=work, , Commuter(unique_id=9957955753162924121923696960789721925, geometry=POINT (13460245.640716974 3637364.926184454), status=work, }",5.0,15.0,15.0,17.0,1.0,3.0,17.0,13.0,16.0,19.0,10.0,18.0,11.0,19.0,3,18,18,1,9,9,7
"{Commuter(unique_id=257662535648427136705537749645960580026, geometry=POINT (13460118.283405349 3637415.8740538466), status=home, }",19.0,7.0,9.0,18.0,17.0,19.0,5.0,12.0,8.0,6.0,8.0,14.0,12.0,8.0,15,8,11,11,9,3,6
"{Commuter(unique_id=38067096288272459942163278800255004049, geometry=POINT (13460251.615767973 3637503.0458612647), status=home, , Commuter(unique_id=337165532670830307491539356881848416829, geometry=POINT (13460251.615767973 3637503.0458612647), status=home, , Commuter(unique_id=255696631083489387384857583833872628857, geometry=POINT (13460251.615767973 3637503.0458612647), status=home, , Commuter(unique_id=130793291495231472838299559326753708924, geometry=POINT (13460251.615767973 3637503.0458612647), status=home, }",0.0,16.0,7.0,4.0,5.0,13.0,19.0,6.0,15.0,4.0,8.0,5.0,18.0,0.0,3,13,17,6,1,2,5
"{Commuter(unique_id=184317877463461830822717966801695042470, geometry=POINT (13460258.925776556 3637429.4746674243), status=home, , Commuter(unique_id=48867127614220960955706192542289455836, geometry=POINT (13460258.925776556 3637429.4746674243), status=home, }",18.0,7.0,19.0,3.0,0.0,15.0,9.0,13.0,16.0,12.0,6.0,18.0,6.0,13.0,6,8,17,2,9,2,15
"{Commuter(unique_id=136286499694070569224042885566585835135, geometry=POINT (13460306.626459729 3637461.0271402737), status=work, , Commuter(unique_id=132098798292455632948048324085585600177, geometry=POINT (13460306.626459729 3637461.0271402737), status=activity, }",13.0,31.0,35.0,23.0,27.0,38.0,9.0,7.0,20.0,0.0,18.0,17.0,28.0,25.0,19,10,4,3,7,5,10
"{Commuter(unique_id=14443747222375042921513311530275698108, geometry=POINT (13460338.810898442 3637403.739695182), status=home, , Commuter(unique_id=201774121623407413869860785157117096620, geometry=POINT (13460338.810898442 3637403.739695182), status=home, , Commuter(unique_id=80990823041726641524167962340758480287, geometry=POINT (13460338.810898442 3637403.739695182), status=home, , Commuter(unique_id=93604395225894712013113073472842790576, geometry=POINT (13460338.810898442 3637403.739695182), status=home, }",9.0,1.0,4.0,10.0,12.0,12.0,4.0,8.0,9.0,15.0,6.0,3.0,8.0,8.0,3,6,15,19,3,14,12
"{Commuter(unique_id=56085132417142145055775590484161707953, geometry=POINT (13460346.355379155 3637307.7974947817), status=home, }",1.0,18.0,2.0,10.0,12.0,9.0,13.0,4.0,0.0,3.0,12.0,13.0,13.0,15.0,14,10,14,4,1,18,8
set(),16.0,18.0,27.0,28.0,32.0,42.0,17.0,2.0,19.0,18.0,15.0,36.0,33.0,35.0,7,12,8,2,8,6,7
set(),15.0,7.0,15.0,11.0,16.0,10.0,8.0,8.0,12.0,7.0,1.0,14.0,6.0,4.0,14,14,6,17,12,6,3
"{Commuter(unique_id=229303862911333474576169161277811565778, geometry=POINT (13460301.560056511 3637496.2531808848), status=activity, }",35.0,16.0,37.0,17.0,32.0,43.0,4.0,23.0,19.0,32.0,19.0,26.0,19.0,31.0,17,1,18,1,9,24,34
set(),2.0,1.0,8.0,17.0,29.0,22.0,0.0,20.0,22.0,15.0,24.0,9.0,24.0,27.0,19,5,3,16,19,3,0
"{Commuter(unique_id=53283720920175450199676392124391600275, geometry=POINT (13460145.020442693 3637305.413380847), status=work, , Commuter(unique_id=176419723278196551475807007207830673340, geometry=POINT (13460145.020442693 3637305.413380847), status=work, , Commuter(unique_id=322598066267655260459441876867864815750, geometry=POINT (13460145.020442693 3637305.413380847), status=work, , Commuter(unique_id=88855799688471841722050109843521186248, geometry=POINT (13460145.020442693 3637305.413380847), status=work, , Commuter(unique_id=53430776572263995164659098946613795511, geometry=POINT (13460145.020442693 3637305.413380847), status=work, , Commuter(unique_id=333570255656002607563116129304789403533, geometry=POINT (13460145.020442693 3637305.413380847), status=work, , Commuter(unique_id=154075268231622204381480938300485474288, geometry=POINT (13460145.020442693 3637305.413380847), status=work, , Commuter(unique_id=186509685162127903096389423979013873525, geometry=POINT (13460145.020442693 3637305.413380847), status=work, , Commuter(unique_id=232624084008323810615398977846919578437, geometry=POINT (13460145.020442693 3637305.413380847), status=work, , Commuter(unique_id=120378411826398919715404693700257186027, geometry=POINT (13460145.020442693 3637305.413380847), status=work, , Commuter(unique_id=316243438535920282675859932124294138174, geometry=POINT (13460145.020442693 3637305.413380847), status=work, , Commuter(unique_id=102673965401011734030983052835756342734, geometry=POINT (13460145.020442693 3637305.413380847), status=work, , Commuter(unique_id=280133816792463125763179279530887791171, geometry=POINT (13460145.020442693 3637305.413380847), status=work, , Commuter(unique_id=334470629893243670841859583588799597640, geometry=POINT (13460145.020442693 3637305.413380847), status=work, , Commuter(unique_id=118078124212386435641691645748840399563, geometry=POINT (13460145.020442693 3637305.413380847), status=work, , Commuter(unique_id=296937113731958258165498915227573686676, geometry=POINT (13460145.020442693 3637305.413380847), status=work, }",16.0,16.0,0.0,12.0,17.0,3.0,15.0,11.0,3.0,11.0,12.0,5.0,3.0,6.0,3,2,13,2,4,7,7
set(),19.0,5.0,17.0,8.0,11.0,9.0,0.0,8.0,2.0,6.0,12.0,19.0,7.0,17.0,4,4,12,5,0,0,0
set(),7.0,13.0,18.0,6.0,9.0,14.0,17.0,19.0,15.0,15.0,13.0,3.0,9.0,0.0,7,15,19,17,18,2,13
"{Commuter(unique_id=54073322649007180261091474430539116523, geometry=POINT (13460019.66910873 3637198.6903185295), status=work, , Commuter(unique_id=197211074034090250035580926346235222927, geometry=POINT (13460019.66910873 3637198.6903185295), status=work, , Commuter(unique_id=29264981706113673320265901988942172555, geometry=POINT (13460019.66910873 3637198.6903185295), status=work, }",1.0,16.0,7.0,9.0,19.0,15.0,7.0,10.0,14.0,6.0,14.0,8.0,7.0,1.0,7,16,13,11,14,13,15
"{Commuter(unique_id=200228805647292185610192563175742357478, geometry=POINT (13460108.137781521 3637221.5466601816), status=work, }",12.0,18.0,14.0,12.0,19.0,12.0,19.0,17.0,7.0,13.0,5.0,11.0,1.0,10.0,4,10,0,11,16,17,8
set(),3.0,6.0,6.0,1.0,19.0,10.0,12.0,8.0,3.0,1.0,8.0,6.0,14.0,6.0,14,15,7,9,5,15,2
set(),9.0,0.0,5.0,0.0,9.0,18.0,5.0,1.0,12.0,3.0,12.0,8.0,4.0,1.0,11,7,4,2,10,1,13
"{Commuter(unique_id=106267743343467357364270669332954404397, geometry=POINT (13460406.648073506 3637309.682204515), status=activity, }",19.0,17.0,16.0,5.0,6.0,12.0,5.0,18.0,20.0,26.0,25.0,45.0,25.0,38.0,4,12,4,2,1,19,16
set(),15.0,25.0,17.0,11.0,21.0,24.0,22.0,11.0,15.0,13.0,9.0,8.0,5.0,11.0,25,1,14,37,15,9,7
"{Commuter(unique_id=7323590735952995968498634839975363168, geometry=POINT (13460424.761314277 3637279.940350825), status=home, , Commuter(unique_id=312511689803508894073146230883325509793, geometry=POINT (13460424.761314277 3637279.940350825), status=home, }",12.0,17.0,17.0,18.0,0.0,8.0,5.0,13.0,12.0,3.0,19.0,8.0,9.0,7.0,3,5,11,7,10,16,16
set(),0.0,17.0,12.0,0.0,8.0,17.0,17.0,6.0,10.0,15.0,1.0,8.0,19.0,19.0,5,15,19,15,7,5,12
set(),4.0,4.0,15.0,18.0,1.0,17.0,11.0,15.0,3.0,15.0,0.0,2.0,0.0,0.0,13,0,3,4,14,1,15
"{Commuter(unique_id=320696962646881970822099208190219510852, geometry=POINT (13460480.83494713 3637347.287677689), status=home, }",5.0,15.0,5.0,2.0,19.0,7.0,1.0,19.0,14.0,19.0,1.0,15.0,6.0,11.0,17,10,11,12,9,18,8
set(),5.0,14.0,15.0,7.0,0.0,14.0,5.0,2.0,4.0,11.0,3.0,7.0,17.0,7.0,10,19,18,6,15,17,19
set(),11.0,9.0,12.0,13.0,5.0,1.0,3.0,17.0,7.0,6.0,0.0,7.0,12.0,9.0,15,9,12,0,0,3,19
set(),13.0,3.0,8.0,4.0,5.0,11.0,12.0,11.0,9.0,14.0,14.0,15.0,0.0,19.0,9,15,10,16,10,10,18
"{Commuter(unique_id=39648120746717622137243809464308536744, geometry=POINT (13460506.436964469 3637356.264903812), status=activity, }",25.0,36.0,22.0,8.0,23.0,23.0,11.0,8.0,14.0,2.0,16.0,16.0,9.0,2.0,3,19,4,13,17,3,8
set(),17.0,7.0,13.0,3.0,19.0,10.0,19.0,15.0,0.0,4.0,2.0,4.0,8.0,7.0,10,7,14,5,17,12,14
"{Commuter(unique_id=185304258378396181510909415427791527221, geometry=POINT (13460555.160014119 3637271.1660695593), status=home, , Commuter(unique_id=175776529429430071646361958470185900511, geometry=POINT (13460555.160014119 3637271.1660695593), status=home, }",18.0,1.0,13.0,6.0,0.0,12.0,7.0,7.0,6.0,1.0,11.0,10.0,12.0,18.0,10,13,2,19,4,14,19
"{Commuter(unique_id=263187201376556792297999485184441786009, geometry=POINT (13460607.448238896 3637271.0526935267), status=home, }",3.0,15.0,9.0,8.0,13.0,16.0,15.0,6.0,3.0,15.0,7.0,6.0,5.0,16.0,10,6,17,12,4,16,6
set(),0.0,9.0,5.0,1.0,15.0,11.0,14.0,6.0,4.0,19.0,18.0,6.0,12.0,19.0,18,12,10,0,8,5,15
set(),17.0,10.0,26.0,11.0,22.0,10.0,16.0,13.0,13.0,12.0,3.0,1.0,14.0,15.0,19,7,14,12,2,16,3
set(),14.0,12.0,2.0,11.0,13.0,16.0,19.0,15.0,16.0,2.0,15.0,29.0,19.0,10.0,12,6,16,15,9,27,29
"{Commuter(unique_id=65108385388587373200259977139073026978, geometry=POINT (13460577.340730991 3637226.7588252216), status=activity, }",26.0,20.0,37.0,4.0,29.0,34.0,16.0,23.0,12.0,16.0,21.0,25.0,5.0,37.0,16,0,1,14,1,3,8
set(),18.0,7.0,16.0,13.0,16.0,17.0,3.0,4.0,2.0,1.0,4.0,1.0,4.0,13.0,18,3,13,4,11,17,2
set(),17.0,9.0,7.0,2.0,0.0,13.0,9.0,6.0,2.0,7.0,17.0,14.0,6.0,10.0,3,1,20,16,8,9,2
set(),19.0,11.0,3.0,3.0,17.0,6.0,0.0,18.0,4.0,16.0,11.0,12.0,16.0,19.0,11,6,19,18,17,3,0
set(),11.0,23.0,19.0,27.0,29.0,27.0,19.0,15.0,11.0,10.0,24.0,30.0,38.0,44.0,6,12,18,1,18,10,5
"{Commuter(unique_id=18000724983673044898180943812700837938, geometry=POINT (13460355.183960946 3637149.916374055), status=home, , Commuter(unique_id=109062147356237750451218641175778733998, geometry=POINT (13460355.183960946 3637149.916374055), status=home, , Commuter(unique_id=297025703080665142563308822601134777893, geometry=POINT (13460355.183960946 3637149.916374055), status=home, }",1.0,16.0,9.0,7.0,1.0,15.0,13.0,8.0,16.0,9.0,8.0,11.0,1.0,19.0,17,8,12,2,10,4,11
"{Commuter(unique_id=339804950904752013088561342417014568035, geometry=POINT (13460459.864066174 3637063.5815041717), status=activity, }",24.0,0.0,15.0,15.0,14.0,18.0,7.0,4.0,29.0,14.0,3.0,27.0,20.0,28.0,13,16,2,2,10,18,8
"{Commuter(unique_id=304244741374041682708559901061712798852, geometry=POINT (13460404.310132548 3637228.6379647665), status=home, }",12.0,8.0,11.0,1.0,4.0,11.0,5.0,19.0,19.0,4.0,18.0,11.0,12.0,9.0,16,17,0,26,19,15,5
"{Commuter(unique_id=185007460410333004384621546857043892697, geometry=POINT (13460397.015381493 3637152.470660293), status=home, , Commuter(unique_id=261004698982200592715858389715955316472, geometry=POINT (13460397.015381493 3637152.470660293), status=home, }",8.0,17.0,7.0,8.0,9.0,18.0,4.0,3.0,13.0,8.0,4.0,0.0,18.0,0.0,16,5,0,7,7,19,8
set(),0.0,9.0,0.0,3.0,4.0,3.0,8.0,17.0,4.0,3.0,10.0,1.0,11.0,19.0,11,3,4,1,4,10,11
"{Commuter(unique_id=142706455559295247655855210816306996875, geometry=POINT (13460508.382231709 3637130.434298466), status=home, , Commuter(unique_id=148931385024897178994028836033274941119, geometry=POINT (13460508.382231709 3637130.434298466), status=home, }",10.0,5.0,12.0,15.0,4.0,18.0,14.0,8.0,10.0,5.0,14.0,16.0,2.0,14.0,3,8,2,12,4,16,14
"{Commuter(unique_id=263995295989892652650998421285610478759, geometry=POINT (13460449.665294256 3637203.338264164), status=home, }",2.0,0.0,5.0,0.0,12.0,19.0,14.0,11.0,5.0,9.0,18.0,0.0,6.0,7.0,0,4,0,17,11,9,18
set(),2.0,15.0,8.0,2.0,14.0,11.0,14.0,15.0,19.0,0.0,1.0,18.0,6.0,18.0,15,0,6,3,1,2,5
set(),3.0,7.0,17.0,13.0,6.0,18.0,7.0,2.0,9.0,12.0,13.0,4.0,14.0,11.0,16,12,17,8,12,18,9
set(),14.0,8.0,16.0,5.0,5.0,10.0,7.0,13.0,12.0,7.0,17.0,14.0,14.0,7.0,11,0,15,3,0,0,19
set(),17.0,24.0,19.0,11.0,34.0,21.0,7.0,17.0,15.0,17.0,9.0,21.0,24.0,10.0,11,11,18,14,12,2,11
set(),6.0,2.0,18.0,11.0,14.0,0.0,8.0,17.0,18.0,6.0,15.0,17.0,17.0,16.0,14,18,11,2,3,19,10
set(),3.0,7.0,3.0,8.0,7.0,1.0,14.0,1.0,17.0,18.0,15.0,10.0,7.0,3.0,8,25,32,29,7,15,18
set(),1.0,13.0,18.0,2.0,8.0,14.0,8.0,19.0,6.0,7.0,7.0,4.0,17.0,3.0,19,3,4,3,12,9,12
set(),1.0,19.0,18.0,8.0,18.0,6.0,18.0,12.0,15.0,4.0,5.0,17.0,18.0,0.0,8,16,3,5,13,7,8
set(),14.0,6.0,6.0,15.0,17.0,12.0,10.0,16.0,19.0,1.0,1.0,10.0,19.0,3.0,17,12,11,15,15,14,5
set(),17.0,6.0,0.0,8.0,5.0,19.0,17.0,15.0,7.0,8.0,18.0,7.0,5.0,8.0,16,13,10,6,9,0,7
set(),7.0,19.0,12.0,0.0,11.0,16.0,15.0,16.0,3.0,11.0,0.0,9.0,15.0,6.0,4,16,12,3,10,12,11
"{Commuter(unique_id=244912119921271931809228952513596671763, geometry=POINT (13460443.981094696 3637311.5082183713), status=home, }",14.0,19.0,17.0,5.0,4.0,11.0,3.0,2.0,4.0,0.0,15.0,9.0,5.0,12.0,10,8,5,19,5,16,7
set(),11.0,19.0,12.0,10.0,15.0,13.0,7.0,17.0,18.0,23.0,12.0,9.0,10.0,13.0,2,19,2,17,10,8,4
set(),2.0,3.0,8.0,15.0,17.0,2.0,7.0,18.0,5.0,6.0,14.0,6.0,17.0,13.0,15,1,2,8,14,14,19
set(),6.0,13.0,13.0,1.0,3.0,13.0,8.0,12.0,1.0,5.0,6.0,15.0,1.0,19.0,2,10,18,17,4,15,11
set(),4.0,19.0,13.0,19.0,8.0,11.0,1.0,9.0,9.0,4.0,19.0,9.0,8.0,15.0,6,0,5,13,12,15,13
set(),18.0,16.0,2.0,17.0,18.0,10.0,3.0,17.0,8.0,9.0,3.0,5.0,14.0,7.0,8,19,6,17,15,19,7
set(),17.0,15.0,8.0,1.0,4.0,7.0,10.0,8.0,9.0,1.0,0.0,14.0,18.0,3.0,4,3,16,0,0,6,3
"{Commuter(unique_id=299978737558402495489133778920297189632, geometry=POINT (13460358.301716257 3638489.727733757), status=work, }",9.0,2.0,2.0,14.0,18.0,17.0,15.0,12.0,6.0,8.0,11.0,4.0,10.0,0.0,3,19,2,10,9,15,12
,,,,,,,,,,,,,,,15,7,15,6,12,12,6
,,,,,,,,,,,,,,,11,8,7,12,17,10,3
,,,,,,,,,,,,,,,12,19,18,6,16,6,0
,,,,,,,,,,,,,,,18,2,9,3,9,11,16
,,,,,,,,,,,,,,,8,4,10,7,13,15,15
,,,,,,,,,,,,,,,5,10,8,15,0,10,1
,,,,,,,,,,,,,,,13,11,9,14,12,4,18
,,,,,,,,,,,,,,,15,6,2,9,12,10,4
,,,,,,,,,,,,,,,15,9,4,15,9,1,15
,,,,,,,,,,,,,,,14,10,6,19,3,0,16
,,,,,,,,,,,,,,,1,7,3,2,11,3,15
,,,,,,,,,,,,,,,7,11,17,19,3,16,16
,,,,,,,,,,,,,,,19,19,37,32,14,1,8
,,,,,,,,,,,,,,,13,9,8,8,16,16,18
,,,,,,,,,,,,,,,11,9,14,15,7,14,12
